Slutpris,Title,Type,Location,Sale Date,Agent Name,Agent Link,Pris per kvadratmeter,Utgångspris,Prisutveckling,Bostadstyp,Upplåtelseform,Antal rum,Boarea,Balkong,Våning,Byggår,Avgift,Driftskostnad,Biarea,Tomtarea,Uteplats,Arrende,Förening,Sale Year,Sale Month,Sale Day
1150000,Dammfrivägen 48B,Lägenhet,"Malmö, Malmö kommun",2021-11-24,Nathalie Borgernäs,https://www.hemnet.se/maklare/svensk-fastighetsformedling-malmo-701451/nathalie-borgernas-12201,41071.0,1045000,+105 000 kr (+10 %),Lägenhet,Bostadsrätt,"1,5 rum",28 m²,,"8 av 8, hiss finns",,1474.0,3480.0,,,,,,2021.0,11.0,24.0
745000,Uppsalagatan 11B,Lägenhet,"Dalaplan/Södervärn, Malmö kommun",2021-08-08,Henrik Karlsson,https://www.hemnet.se/maklare/mohv-hyllie-725851/henrik-karlsson-63,27593.0,795000,-50 000 kr (-6 %),Lägenhet,Bostadsrätt,1 rum,27 m²,Nej,"1 av 4, hiss finns ej",1939,2479.0,,,,,,,2021.0,8.0,8.0
870000,Båstadsgatan 9,Lägenhet,"Östra Sorgenfri/Nobel, Malmö kommun",2019-10-29,Kenan Hasanoglu,https://www.hemnet.se/maklare/fastighetsbyran-malmo-169/kenan-hasanoglu-10334,28525.0,795000,+75 000 kr (+9 %),Lägenhet,Bostadsrätt,1 rum,"30,5 m²",Nej,,,1926.0,1285.0,,,,,,2019.0,10.0,29.0
985000,Lorensborgsgatan 5A,Lägenhet,"Lorensborg, Malmö kommun",2018-09-19,Patrik Tegnhammar,https://www.hemnet.se/maklare/bjurfors-malmo-city-1806/patrik-tegnhammar-10542,39400.0,945000,+40 000 kr (+4 %),Lägenhet,Bostadsrätt,1 rum,25 m²,,,1958,1344.0,,,,,,Brf Åsunden,2018.0,9.0,19.0
1400000,Södra Förstadsgatan 3 C,Lägenhet,"Davidshall, Malmö kommun",2017-09-26,Therese Franzén,https://www.hemnet.se/maklare/erik-olsson-fastighetsformedling-732631/therese-franzen-10143,58333.0,1495000,-95 000 kr (-6 %),Lägenhet,Bostadsrätt,1 rum,24 m²,,,1927,1742.0,1800.0,,,,,Brf Tigern 11,2017.0,9.0,26.0
1210000,Annebergsgatan 12 B,Lägenhet,"Borgmästaregården / Pildammarna, Malmö kommun",2017-06-30,Fatima Friberg,https://www.hemnet.se/maklare/bohem-40591/fatima-friberg-10507,40333.0,1195000,+15 000 kr (+1 %),Lägenhet,Bostadsrätt,1 rum,30 m²,,,1964-1965,1921.0,,,,,,,2017.0,6.0,30.0
1375000,Ingelstadsgatan 4,Lägenhet,"Slottsstaden/Ribersborg, Malmö kommun",2023-02-08,Gustav Cagmo,https://www.hemnet.se/maklare/bjurfors-malmo-oster-2048/gustav-cagmo-8076,51306.0,1350000,+25 000 kr (+2 %),Lägenhet,Bostadsrätt,1 rum,"26,8 m²",Nej,"2 av 3, hiss finns ej",1945,2761.0,,,,,,,2023.0,2.0,8.0
1060000,Drottninggatan 6B,Lägenhet,"Rörsjöstaden, Malmö kommun",2021-05-05,Nina  Hjelm,https://www.hemnet.se/maklare/fastighetsbyran-malmo-169/nina-hjelm-15172,36552.0,995000,+65 000 kr (+7 %),Lägenhet,Bostadsrätt,1 rum,29 m²,,"5, hiss finns",,2149.0,5435.0,,,,,,2021.0,5.0,5.0
1200000,Nordlinds väg 94C,Lägenhet,"Slottsstaden, Malmö kommun",2018-10-25,Johan Dahlgren,https://www.hemnet.se/maklare/croisette-malmo-vastra-hamnen-12766/johan-dahlgren-465,40000.0,1195000,+5 000 kr (±0 %),Lägenhet,Bostadsrätt,1 rum,30 m²,,,1953,1665.0,,,,,,HSB Brf Gamban,2018.0,10.0,25.0
775000,Annebergsgatan 12b,Lägenhet,"Borgmästaregården, Malmö kommun",2015-03-26,Henrik Karlsson,https://www.hemnet.se/maklare/mohv-hyllie-725851/henrik-karlsson-63,25833.0,750000,+25 000 kr (+3 %),Lägenhet,Bostadsrätt,1 rum,30 m²,,,1965,1925.0,2860.0,,,,,HSB Brf Lagmannen,2015.0,3.0,26.0
1120000,Typografgatan,Lägenhet,"Möllevången, Malmö kommun",2018-09-21,Martin Arup,https://www.hemnet.se/maklare/erik-olsson-fastighetsformedling-720071/martin-arup-6181,38621.0,1150000,-30 000 kr (-3 %),Lägenhet,Bostadsrätt,1 rum,29 m²,,,2017,2086.0,4632.0,,,,,Brf Friisgatan Typografen,2018.0,9.0,21.0
350000,Mariedalsvägen 55 A,Övrig,"Dammfri, Malmö kommun",2022-12-20,Jessica Johansson,https://www.hemnet.se/maklare/fastighetsbyran-malmo-169/jessica-johansson-9359,,375000,-25 000 kr (-7 %),Övrig,Bostadsrätt,1 rum,31 m²,,,,1878.0,,,,,,,2022.0,12.0,20.0
695000,Per albin hanssons väg 56A,Lägenhet,"Blekingsborg, Malmö kommun",2021-03-02,Henrik Karlsson,https://www.hemnet.se/maklare/mohv-hyllie-725851/henrik-karlsson-63,29574.0,695000,0 kr (±0 %),Lägenhet,Bostadsrätt,1 rum,"23,5 m²",Ja,"9 av 10, hiss finns",1957,2433.0,,,,,,,2021.0,3.0,2.0
1397000,Erikstorpsgatan 10 A,Lägenhet,"Ribersborg, Malmö kommun",2019-10-02,Jenny Eriksson,https://www.hemnet.se/maklare/fastighetsbyran-ystad-11646/jenny-eriksson-13740,51172.0,1195000,+202 000 kr (+17 %),Lägenhet,Bostadsrätt,"1,5 rum","27,3 m²",,,1954,1254.0,,,,,,,2019.0,10.0,2.0
1095000,Skvadronsgatan 20,Lägenhet,"Slottsstaden, Malmö kommun",2020-09-24,Michaela Thulin,https://www.hemnet.se/maklare/croisette-hollviken-63091/michaela-thulin-1556,47609.0,1095000,0 kr (±0 %),Lägenhet,Bostadsrätt,1 rum,23 m²,Nej,"1 av 4, hiss finns ej",1944,1741.0,,,,,,,2020.0,9.0,24.0
1100000,Ernst ahlgrensgatan 4A,Lägenhet,"Ribersborg, Malmö kommun",2017-01-04,Gustav Cagmo,https://www.hemnet.se/maklare/bjurfors-malmo-oster-2048/gustav-cagmo-8076,45833.0,995000,+105 000 kr (+11 %),Lägenhet,Bostadsrätt,1 rum,24 m²,,,1953,1486.0,,,,,,Brf Stjärnehus,2017.0,1.0,4.0
820000,Per Albin Hanssons Väg 52B,Lägenhet,"Blekingsborg, Malmö kommun",2021-03-15,Tobias Broqvist,https://www.hemnet.se/maklare/lansforsakringar-fastighetsformedling-malmo-39311/tobias-broqvist-15356,34894.0,795000,+25 000 kr (+3 %),Lägenhet,Bostadsrätt,1 rum,"23,5 m²",Ja,"10 av 11, hiss finns",1956,2211.0,,,,,,,2021.0,3.0,15.0
475000,Pomonagången 261,Fritidsboende,"Ärtholmen, Malmö kommun",2019-03-08,Marcus Zetterberg,https://www.hemnet.se/maklare/zetterberg-blomberg-fastighetsformedling-33587/marcus-zetterberg-9077,,530000,-55 000 kr (-10 %),Fritidsboende,Äganderätt,2 rum,28 m²,,,1960-tal,,3800.0,16 m²,300 m²,,,,2019.0,3.0,8.0
730000,Ellstorpsgatan 1A,Lägenhet,"Ellstorp, Malmö kommun",2019-10-27,Therese Lagerfelt,https://www.hemnet.se/maklare/fastighetsbyran-malmo-169/therese-lagerfelt-15913,25524.0,695000,+35 000 kr (+5 %),Lägenhet,Bostadsrätt,1 rum,"28,6 m²",,,1939,1828.0,,,,,,,2019.0,10.0,27.0
760000,Amiralsgatan 96B,Lägenhet,"Nobeltorget, Malmö kommun",2018-08-17,Patrik Tegnhammar,https://www.hemnet.se/maklare/bjurfors-malmo-city-1806/patrik-tegnhammar-10542,28148.0,695000,+65 000 kr (+9 %),Lägenhet,Bostadsrätt,"1,5 rum",27 m²,,,1956,1481.0,,,,,,HSB Brf Manligheten,2018.0,8.0,17.0
1595000,Per Wickenbergsgatan 3,Lägenhet,"Ribersborg, Malmö kommun",2022-10-10,Leila Manouchehrian Nilsson,https://www.hemnet.se/maklare/svenska-maklarhuset-malmo-city-730411/leila-manouchehrian-nilsson-20372,59074.0,1595000,0 kr (±0 %),Lägenhet,Bostadsrätt,"1,5 rum",27 m²,Nej,"5 av 5, hiss finns ej",2022,1316.0,,"6,5 m²",,,,,2022.0,10.0,10.0
1340000,Typografgatan 4 A,Lägenhet,"Möllevången, Malmö kommun",2022-10-09,Mathilda Jingnäs,https://www.hemnet.se/maklare/fastighetsbyran-malmo-169/mathilda-jingnas-19673,46207.0,1450000,-110 000 kr (-8 %),Lägenhet,Bostadsrätt,1 rum,29 m²,Ja,"3 av 10, hiss finns",2019,2086.0,4098.0,,,,,,2022.0,10.0,9.0
1230000,Hyllie Boulevard 6B,Lägenhet,"Hyllie, Malmö kommun",2022-10-06,Sharon Ma,https://www.hemnet.se/maklare/croisette-hyllie-708891/sharon-ma-18405,42414.0,1375000,-145 000 kr (-11 %),Lägenhet,Bostadsrätt,1 rum,29 m²,Ja,"4 av 7, hiss finns",2022,2034.0,,,,,,,2022.0,10.0,6.0
710000,Uddeholmsgatan 34A,Lägenhet,"Lönngården, Malmö kommun",2023-07-24,Arian Askari,https://www.hemnet.se/maklare/bjurfors-malmo-oster-2048/arian-askari-23357,25818.0,745000,-35 000 kr (-5 %),Lägenhet,Bostadsrätt,"1,5 rum","27,5 m²",Nej,"2 av 4, hiss finns ej",1953,2332.0,,,,,,,2023.0,7.0,24.0
1195000,Bobergsängen 6A,Lägenhet,"Dammfri, Malmö kommun",2020-10-15,Johan Dahlgren,https://www.hemnet.se/maklare/croisette-malmo-vastra-hamnen-12766/johan-dahlgren-465,45785.0,1295000,-100 000 kr (-8 %),Lägenhet,Bostadsrätt,1 rum,"26,1 m²",Ja,"1 av 3, hiss finns ej",1948,2050.0,,,,,,,2020.0,10.0,15.0
910000,Båstadsgatan 9,Lägenhet,"Östra Sorgenfri, Malmö kommun",2023-08-19,Kenan Hasanoglu,https://www.hemnet.se/maklare/fastighetsbyran-malmo-169/kenan-hasanoglu-10334,29836.0,975000,-65 000 kr (-7 %),Lägenhet,Bostadsrätt,1 rum,"30,5 m²",,"6 av 6, hiss finns",,2176.0,2300.0,,,,,,2023.0,8.0,19.0
990000,Nobelvägen 93 B,Lägenhet,"Nobel, Malmö kommun",2017-06-06,Majlinda Halimi Hugosson,https://www.hemnet.se/maklare/erik-olsson-fastighetsformedling-435894/majlinda-halimi-hugosson-12128,32459.0,795000,+195 000 kr (+25 %),Lägenhet,Bostadsrätt,1 rum,"30,5 m²",,,1936,1141.0,2400.0,,,,,Brf Friden,2017.0,6.0,6.0
1325000,Föreningsgatan 70,Lägenhet,"Rörsjöstaden, Malmö kommun",2021-02-23,Emma Nilsson,https://www.hemnet.se/maklare/erik-olsson-fastighetsformedling-435894/emma-nilsson-12617,42742.0,1295000,+30 000 kr (+2 %),Lägenhet,Bostadsrätt,1 rum,31 m²,Nej,"5 av 5, hiss finns",1935,2084.0,3620.0,,,,,,2021.0,2.0,23.0
1600000,Västra Varvsgatan 16G,Lägenhet,"Västra Hamnen, Malmö kommun",2020-11-18,Edvin Karajkovic,https://www.hemnet.se/maklare/croisette-malmo-vastra-hamnen-12766/edvin-karajkovic-10415,61538.0,1595000,+5 000 kr (±0 %),Lägenhet,Bostadsrätt,1 rum,26 m²,Ja,"2 av 4, hiss finns",2013,1606.0,,,,,,,2020.0,11.0,18.0
1400000,Västra Rönneholmsvägen 64A,Lägenhet,"Slottsstaden, Malmö kommun",2018-05-24,Victor Jörgensen,https://www.hemnet.se/maklare/bo-laget-fastighetsformedling-716831/victor-jorgensen-9420,51852.0,1390000,+10 000 kr (+1 %),Lägenhet,Bostadsrätt,1 rum,27 m²,,,1944,1823.0,3683.0,,,,,HSB Brf Tärningholm,2018.0,5.0,24.0
1280000,Möllevångsgatan 30A,Lägenhet,"Möllevången/Triangeln, Malmö kommun",2022-07-15,Ludvig Andersson,https://www.hemnet.se/maklare/skandiamaklarna-malmo-vaster-oster-718231/ludvig-andersson-7262,45714.0,1195000,+85 000 kr (+7 %),Lägenhet,Bostadsrätt,1 rum,28 m²,,"3 av 5, hiss finns",1968,2063.0,,,,,,,2022.0,7.0,15.0
890000,Glasbruksgatan 2 A,Lägenhet,"Gamla Limhamn, Malmö kommun",2016-06-17,[email protected],"https://www.hemnet.se/maklare/hemverket-ab-36511/info-hemverket,se-144",28710.0,750000,+140 000 kr (+19 %),Lägenhet,Bostadsrätt,1 rum,31 m²,,,,2444.0,,,,,,RBF Glasbruksgatan i Limhamn,2016.0,6.0,17.0
840000,Sufflörgatan 11,Lägenhet,"Lindeborg, Malmö kommun",2020-06-19,Labinot Krasniqi,https://www.hemnet.se/maklare/erik-olsson-fastighetsformedling-435894/labinot-krasniqi-8114,31111.0,845000,-5 000 kr (-1 %),Lägenhet,Bostadsrätt,1 rum,27 m²,Ja,,1972,1658.0,3620.0,,,,,,2020.0,6.0,19.0
760000,Per albin hanssons väg 52A,Lägenhet,"Blekingsborg, Malmö kommun",2018-09-28,Elin Bengtsson,https://www.hemnet.se/maklare/erik-olsson-fastighetsformedling-435894/elin-bengtsson-12284,32340.0,600000,+160 000 kr (+27 %),Lägenhet,Bostadsrätt,1 rum,"23,5 m²",,,1957,2141.0,3480.0,,,,,HSB:s Brf Eriksfält i Malmö,2018.0,9.0,28.0
850000,Vendelsfridsgatan 6A,Lägenhet,"Lorensborg, Malmö kommun",2020-01-29,Irma Lidén,https://www.hemnet.se/maklare/mohv-malmo-20887/irma-liden-16164,31481.0,850000,0 kr (±0 %),Lägenhet,Bostadsrätt,1 rum,27 m²,Ja,,1959,1908.0,,,,,,,2020.0,1.0,29.0
850000,Föreningsgatan 70,Lägenhet,"Värnhem, Malmö kommun",2016-01-22,Michaela Thulin,https://www.hemnet.se/maklare/croisette-hollviken-63091/michaela-thulin-1556,31481.0,795000,+55 000 kr (+7 %),Lägenhet,Bostadsrätt,1 rum,27 m²,,,1935,1663.0,5000.0,,,,,Brf Granen 10-11,2016.0,1.0,22.0
1180000,Kronborgsvägen 18A,Lägenhet,"Pildammarna, Malmö kommun",2023-07-18,Rasmus Eriksson,https://www.hemnet.se/maklare/croisette-malmo-slottsstaden-1091/rasmus-eriksson-19260,43704.0,1245000,-65 000 kr (-5 %),Lägenhet,Bostadsrätt,1 rum,27 m²,Nej,"4 av 4, hiss finns",1946,2953.0,,,,,,,2023.0,7.0,18.0
550000,Ormvråksgatan 42,Lägenhet,"Söderkulla, Malmö kommun",2019-10-15,Patrik Tegnhammar,https://www.hemnet.se/maklare/bjurfors-malmo-city-1806/patrik-tegnhammar-10542,21154.0,550000,0 kr (±0 %),Lägenhet,Bostadsrätt,1 rum,26 m²,,,1967,1303.0,,,,,,,2019.0,10.0,15.0
1250000,Kilian Zollsgatan 9B,Lägenhet,"Ribersborg, Malmö kommun",2020-03-06,Johan Dahlgren,https://www.hemnet.se/maklare/croisette-malmo-vastra-hamnen-12766/johan-dahlgren-465,44643.0,1250000,0 kr (±0 %),Lägenhet,Bostadsrätt,1 rum,28 m²,Ja,,1945,1857.0,,,,,,,2020.0,3.0,6.0
875000,Celsiusgatan 13 A,Lägenhet,"Rörsjöstaden, Malmö kommun",2018-08-12,Ericka Nguyen,https://www.hemnet.se/maklare/fastighetsbyran-malmo-169/ericka-nguyen-8936,35714.0,795000,+80 000 kr (+10 %),Lägenhet,Bostadsrätt,1 rum,"24,5 m²",,,1947/1948,1786.0,,,,,,HSB Brf Eken,2018.0,8.0,12.0
450000,Duväpplegången Nr 442,Fritidsboende,"Ärtholmen, Malmö kommun",2017-08-20,David Blomberg,https://www.hemnet.se/maklare/zetterberg-blomberg-fastighetsformedling-33587/david-blomberg-217,,450000,0 kr (±0 %),Fritidsboende,Äganderätt,1 rum,22 m²,,,50-tal,,3600.0,14 m²,290 m²,,,,2017.0,8.0,20.0
830000,Vitemöllegatan 4C,Lägenhet,"Nobeltorget/Annelund, Malmö kommun",2022-02-09,Sandra Lindh,https://www.hemnet.se/maklare/husmanhagberg-malmo-4545/sandra-lindh-17715,36087.0,695000,+135 000 kr (+19 %),Lägenhet,Bostadsrätt,1 rum,23 m²,Nej,"2 av 4, hiss finns ej",1944,2168.0,,,,,,,2022.0,2.0,9.0
640000,Duväpplegången 451,Fritidshus,"Ärtholmens sommarstad, Malmö kommun",2021-09-22,Lennart Andén,https://www.hemnet.se/maklare/kolonimaklarna-725411/lennart-anden-17714,,425000,+215 000 kr (+51 %),Fritidshus,Annat,2 rum,30 m²,,,1940,,5000.0,5 m²,370 m²,,5 861 kr/år,,2021.0,9.0,22.0
1130000,Erikslustvägen 36H,Lägenhet,"Erikslust, Malmö kommun",2023-04-13,Rama Bernin,https://www.hemnet.se/maklare/croisette-malmo-vastra-hamnen-12766/rama-bernin-21858,41852.0,1195000,-65 000 kr (-5 %),Lägenhet,Bostadsrätt,1 rum,27 m²,Nej,"2 av 3, hiss finns ej",1953,2064.0,,,,,,,2023.0,4.0,13.0
395000,Sandbackegatan 7 C,Lägenhet,"Kirseberg, Malmö kommun",2016-03-06,Elaine Mürgas,https://www.hemnet.se/maklare/fastighetsbyran-malmo-169/elaine-murgas-11453,16122.0,395000,0 kr (±0 %),Lägenhet,Bostadsrätt,,"24,5 m²",,,1952,2079.0,4500.0,,,,,HSB Brf Huggaren,2016.0,3.0,6.0
1550000,Carlsgatan 7F,Lägenhet,"Inre Hamnen, Malmö kommun",2019-09-27,Patrik Tegnhammar,https://www.hemnet.se/maklare/bjurfors-malmo-city-1806/patrik-tegnhammar-10542,53448.0,1595000,-45 000 kr (-3 %),Lägenhet,Bostadsrätt,"1,5 rum",29 m²,,,2019,1871.0,,,,,,,2019.0,9.0,27.0
795000,Sölvesborgsgatan 3C,Lägenhet,"Folkets Park, Malmö kommun",2018-10-25,Lisa Ivarsson,https://www.hemnet.se/maklare/croisette-malmo-slottsstaden-1091/lisa-ivarsson-14256,33125.0,795000,0 kr (±0 %),Lägenhet,Bostadsrätt,1 rum,24 m²,,,1939,2207.0,,,,,,HSB Brf Sölve,2018.0,10.0,25.0
1120000,Vårgatan 3A,Lägenhet,"Värnhem, Malmö kommun",2021-07-31,Gustav Cagmo,https://www.hemnet.se/maklare/bjurfors-malmo-oster-2048/gustav-cagmo-8076,44800.0,950000,+170 000 kr (+18 %),Lägenhet,Bostadsrätt,1 rum,25 m²,Nej,"4 av 4, hiss finns ej",1936,1799.0,,,,,,,2021.0,7.0,31.0
995000,Per Albin Hanssons väg 50A,Lägenhet,"Mobilia, Malmö kommun",2022-07-01,Fanny Pålsson,https://www.hemnet.se/maklare/skandiamaklarna-malmo-vaster-oster-718231/fanny-palsson-17682,42340.0,995000,0 kr (±0 %),Lägenhet,Bostadsrätt,1 rum,"23,5 m²",Ja,"6, hiss finns",,2118.0,,,,,,,2022.0,7.0,1.0
945000,Ängelholmsgatan 5,Lägenhet,"Möllevången, Malmö kommun",2018-11-08,Maja Ristic,https://www.hemnet.se/maklare/erik-olsson-fastighetsformedling-720071/maja-ristic-14042,30484.0,995000,-50 000 kr (-5 %),Lägenhet,Bostadsrätt,1 rum,31 m²,,,1904,2066.0,3680.0,,,,,Brf Fanan 3,2018.0,11.0,8.0
1700000,Neptunigatan 71,Lägenhet,"Varvsstaden, Malmö kommun",2023-02-15,Felicia Johansson,https://www.hemnet.se/maklare/croisette-malmo-vastra-hamnen-12766/felicia-johansson-20780,56667.0,1795000,-95 000 kr (-5 %),Lägenhet,Bostadsrätt,2 rum,30 m²,Ja,"3 av 7, hiss finns",2023,3027.0,,,,,,,2023.0,2.0,15.0
550000,Solvändegatan 1A,Lägenhet,"Almhög, Malmö kommun",2020-11-13,Artemiz Eskafi,https://www.hemnet.se/maklare/fastighetsbyran-malmo-169/artemiz-eskafi-17058,25581.0,550000,0 kr (±0 %),Lägenhet,Bostadsrätt,1 rum,"21,5 m²",,"1 av 4, hiss finns ej",1959,1615.0,,,,,,,2020.0,11.0,13.0
1195000,Roskildevägen 11C,Lägenhet,"Pildammarna, Malmö kommun",2020-09-07,Anna Ahlström,https://www.hemnet.se/maklare/croisette-lund-21227/anna-ahlstrom-2198,44259.0,1280000,-85 000 kr (-7 %),Lägenhet,Bostadsrätt,1 rum,27 m²,Nej,"5 av 5, hiss finns",1948,1983.0,,,,,,,2020.0,9.0,7.0
900000,Kilian Zollsgatan 31C,Lägenhet,"Ribersborg, Malmö kommun",2016-05-06,Dennis Berg,https://www.hemnet.se/maklare/bjurfors-jonkoping-711611/dennis-berg-10675,34615.0,795000,+105 000 kr (+13 %),Lägenhet,Bostadsrätt,1 rum,26 m²,,,1945,1590.0,,,,,,Brf Krageholm,2016.0,5.0,6.0
845000,Vendelsfridsgatan 6A,Lägenhet,"Lorensborg, Malmö kommun",2019-03-27,Per Lundqvist,https://www.hemnet.se/maklare/fastighetsmaklare-per-fredrik-lundqvist-713231/per-lundqvist-7267,31296.0,895000,-50 000 kr (-6 %),Lägenhet,Bostadsrätt,1 rum,27 m²,,,1959,1711.0,1320.0,,,,,,2019.0,3.0,27.0
925000,Västra bernadottesgatan 23A,Lägenhet,"Limhamn, Malmö kommun",2016-12-01,Anna Helsing,https://www.hemnet.se/maklare/bjurfors-nyproduktion-skane-ab-733751/anna-helsing-5151,31897.0,925000,0 kr (±0 %),Lägenhet,Bostadsrätt,1 rum,29 m²,,,1955,1731.0,,,,,,Riksbyggens Brf Malmöhus nr 8,2016.0,12.0,1.0
825000,Sandbackegatan 7C,Lägenhet,"Kirseberg, Malmö kommun",2021-06-03,Filip Ericsson,https://www.hemnet.se/maklare/bjurfors-malmo-vaster-12366/filip-ericsson-9481,33673.0,750000,+75 000 kr (+10 %),Lägenhet,Bostadsrätt,1 rum,"24,5 m²",Nej,"2 av 3, hiss finns ej",1946,2142.0,,,,,,,2021.0,6.0,3.0
1495000,Mariedalsvägen 21,,,,Hugo Wendel,https://www.hemnet.se/maklare/bo-laget-fastighetsformedling-716831/hugo-wendel-17538,53393.0,1495000,0 kr (±0 %),Lägenhet,Bostadsrätt,"1,5 rum",28 m²,Nej,"1 av 4, hiss finns ej",1927,1755.0,,,,,,,,,
510000,Jasmingången 134,Fritidshus,"Kölnan, Malmö kommun",2020-07-07,David Blomberg,https://www.hemnet.se/maklare/zetterberg-blomberg-fastighetsformedling-33587/david-blomberg-217,,540000,-30 000 kr (-6 %),Fritidshus,Annat,2 rum,28 m²,,,1930,,10600.0,25 m²,360 m²,,,,2020.0,7.0,7.0
995000,Ehrensvärdsgatan 5,Lägenhet,"Rörsjöstaden, Malmö kommun",2019-03-27,Malin Wallin,https://www.hemnet.se/maklare/fastighetsbyran-malmo-169/malin-wallin-13595,35536.0,995000,0 kr (±0 %),Lägenhet,Bostadsrätt,1 rum,28 m²,,,1935,2324.0,3900.0,,,,,Brf Malmgården,2019.0,3.0,27.0
1020000,Birger Jarlsgatan 41C,Lägenhet,"Limhamn, Malmö kommun",2020-08-01,Nina Berglund,https://www.hemnet.se/maklare/croisette-malmo-vastra-hamnen-12766/nina-berglund-11677,37500.0,995000,+25 000 kr (+3 %),Lägenhet,Bostadsrätt,1 rum,"27,2 m²",Ja,,1961,1536.0,,,,,,,2020.0,8.0,1.0
1075000,Rådmansgatan 15A,Lägenhet,"Triangeln, Malmö kommun",2021-08-11,Maxime Melkie,https://www.hemnet.se/maklare/fastighetsbyran-malmo-169/maxime-melkie-8937,51190.0,1095000,-20 000 kr (-2 %),Lägenhet,Bostadsrätt,1 rum,21 m²,,"1,5, hiss finns ej",1945,1986.0,,,,,,,2021.0,8.0,11.0
1300000,Västra Bernadottesgatan 25 A,Lägenhet,"Limhamn, Malmö kommun",2019-05-02,Josefin Norelius,https://www.hemnet.se/maklare/erik-olsson-fastighetsformedling-726771/josefin-norelius-187,43333.0,995000,+305 000 kr (+31 %),Lägenhet,Bostadsrätt,1 rum,30 m²,,,1956,1571.0,5373.0,,,,,,2019.0,5.0,2.0
1135000,Falsterbogatan 22A,Lägenhet,"Folkets Park, Malmö kommun",2021-02-11,Lisa Ivarsson,https://www.hemnet.se/maklare/croisette-malmo-slottsstaden-1091/lisa-ivarsson-14256,39138.0,1150000,-15 000 kr (-1 %),Lägenhet,Bostadsrätt,2 rum,29 m²,Nej,"5 av 5, hiss finns ej",1939,2061.0,,,,,,,2021.0,2.0,11.0
495000,Gullregnsgatan 2 A,Lägenhet,"Hindby / Västra Kattarp, Malmö kommun",2019-05-31,Louise Nilsson,https://www.hemnet.se/maklare/maklarhuset-trelleborg-22728/louise-nilsson-15144,19800.0,495000,0 kr (±0 %),Lägenhet,Bostadsrätt,1 rum,25 m²,,,1956,1721.0,,,,,,,2019.0,5.0,31.0
1000000,Ehrensvärdsgatan 5,Lägenhet,"Rörsjöstaden, Malmö kommun",2022-03-29,Nina  Hjelm,https://www.hemnet.se/maklare/fastighetsbyran-malmo-169/nina-hjelm-15172,34483.0,895000,+105 000 kr (+12 %),Lägenhet,Bostadsrätt,1 rum,29 m²,,"4, hiss finns",,2149.0,,,,,,,2022.0,3.0,29.0
725000,Per albin hanssons väg 52B,Lägenhet,"Blekingsborg, Malmö kommun",2022-07-19,Henrik Feuk,https://www.hemnet.se/maklare/husmanhagberg-malmo-4545/henrik-feuk-19708,30851.0,695000,+30 000 kr (+4 %),Lägenhet,Bostadsrätt,1 rum,"23,5 m²",Ja,"5 av 11, hiss finns",1957,2181.0,,,,,,,2022.0,7.0,19.0
695000,Baskemöllegatan 3 B,Lägenhet,"Sorgenfri, Malmö kommun",2017-03-15,Mathias Johansson,https://www.hemnet.se/maklare/husmanhagberg-malmo-4545/mathias-johansson-12238,25741.0,695000,0 kr (±0 %),Lägenhet,Bostadsrätt,1 rum,27 m²,,,1946,1323.0,840.0,,,,,Brf Storbragden,2017.0,3.0,15.0
1006000,Vendelsfridsgatan 6B,Lägenhet,"Lorensborg, Malmö kommun",2019-07-03,Anders Backman,https://www.hemnet.se/maklare/croisette-malmo-slottsstaden-1091/anders-backman-15211,37259.0,795000,+211 000 kr (+27 %),Lägenhet,Bostadsrätt,1 rum,27 m²,,,1959,1885.0,,,,,,,2019.0,7.0,3.0
310000,Vitlantgången 44 kolonistuga 44,Fritidshus,"Valdemarsro, Malmö kommun",2023-05-26,Lidija Jakob,https://www.hemnet.se/maklare/croisette-malmo-slottsstaden-1091/lidija-jakob-20520,,345000,-35 000 kr (-10 %),Fritidshus,Annat,2 rum,26 m²,,,,,,18 m²,259 m²,,,,2023.0,5.0,26.0
855000,Kungsgatan 27B,Lägenhet,"Värnhem, Malmö kommun",2019-06-30,Anders Nilsson,https://www.hemnet.se/maklare/bjurfors-malmo-city-1806/anders-nilsson-9587,31667.0,895000,-40 000 kr (-4 %),Lägenhet,Bostadsrätt,1 rum,27 m²,,,,2244.0,,,,,,,2019.0,6.0,30.0
1250000,Kungsgatan 27B,Lägenhet,"Rörsjöstaden, Malmö kommun",2022-06-03,Sara Persson,https://www.hemnet.se/maklare/bjurfors-malmo-city-1806/sara-persson-8993,46296.0,1250000,0 kr (±0 %),Lägenhet,Bostadsrätt,1 rum,27 m²,Nej,"4 av 6, hiss finns",1935,2025.0,,,,,,,2022.0,6.0,3.0
735000,Filippagången 350,Fritidshus,"Ärtholmens sommarstad, Malmö kommun",2020-08-26,Lennart Andén,https://www.hemnet.se/maklare/kolonimaklarna-725411/lennart-anden-17714,,575000,+160 000 kr (+28 %),Fritidshus,Annat,1 rum,28 m²,,,,,5200.0,12 m²,300 m²,Ja,5 900 kr/år,,2020.0,8.0,26.0
295000,Sallerupsvägen 32G,Lägenhet,"Ellstorp, Malmö kommun",2023-01-24,Rama Bernin,https://www.hemnet.se/maklare/croisette-malmo-vastra-hamnen-12766/rama-bernin-21858,12826.0,295000,0 kr (±0 %),Lägenhet,Bostadsrätt,1 rum,23 m²,Nej,"1 av 4, hiss finns ej",1942,3861.0,,,,,,,2023.0,1.0,24.0
695000,Bragegatan 9,Lägenhet,"Dalaplan, Malmö kommun",2021-09-01,Sara Persson,https://www.hemnet.se/maklare/bjurfors-malmo-city-1806/sara-persson-8993,28958.0,695000,0 kr (±0 %),Lägenhet,Bostadsrätt,1 rum,24 m²,Nej,"1 av 4, hiss finns ej",1945,2325.0,,,,,,,2021.0,9.0,1.0
670000,Vitemöllegatan 10C,Lägenhet,"Nobeltorget, Malmö kommun",2018-06-14,Patrik Tegnhammar,https://www.hemnet.se/maklare/bjurfors-malmo-city-1806/patrik-tegnhammar-10542,27917.0,685000,-15 000 kr (-2 %),Lägenhet,Bostadsrätt,1 rum,24 m²,,,1945-1946,1923.0,,,,,,HSB Brf Friheten,2018.0,6.0,14.0
1280000,Västra Kristinelundsvägen 33B,Lägenhet,"Slottsstaden, Malmö kommun",2020-04-17,Anders Nilsson,https://www.hemnet.se/maklare/bjurfors-malmo-city-1806/anders-nilsson-9587,42105.0,1345000,-65 000 kr (-5 %),Lägenhet,Bostadsrätt,1 rum,"30,4 m²",Nej,,1948,2128.0,,,,,,,2020.0,4.0,17.0
1055000,Hässleholmsgatan 6,Lägenhet,"Nobeltorget, Malmö kommun",2022-10-13,Agneta Chong,https://www.hemnet.se/maklare/erik-olsson-fastighetsformedling-435894/agneta-chong-9177,42200.0,1045000,+10 000 kr (+1 %),Lägenhet,Bostadsrätt,1 rum,25 m²,Ja,"4 av 4, hiss finns ej",1936,1896.0,5280.0,,,,,,2022.0,10.0,13.0
682500,Viktoriagången 398,Fritidshus,"Ärtholmen, Malmö kommun",2021-08-15,Lars Ridell,https://www.hemnet.se/maklare/egema-fastighetsformedling-488/lars-ridell-2151,,745000,-62 500 kr (-8 %),Fritidshus,Annat,1 rum,20 m²,,,1930,,3500.0,8 m²,345 m²,,5 447 kr/år,,2021.0,8.0,15.0
1095000,Kilian Zollsgatan 9 B,Lägenhet,"Ribersborg, Malmö kommun",2016-10-07,Martin Arup,https://www.hemnet.se/maklare/erik-olsson-fastighetsformedling-720071/martin-arup-6181,39107.0,995000,+100 000 kr (+10 %),Lägenhet,Bostadsrätt,1 rum,28 m²,,,1945,2116.0,2850.0,,,,,Brf Kilian 9,2016.0,10.0,7.0
1150000,Drottninggatan 6B,Lägenhet,"Rörsjöstaden, Malmö kommun",2022-10-10,Rebecka Ovesen Wågert,https://www.hemnet.se/maklare/croisette-malmo-slottsstaden-1091/rebecka-ovesen-wagert-19855,39655.0,1175000,-25 000 kr (-2 %),Lägenhet,Bostadsrätt,1 rum,29 m²,Nej,"6 av 6, hiss finns",1935,2214.0,,,,,,,2022.0,10.0,10.0
895000,Gustaf Rydbergsgatan 7,Lägenhet,"Ribersborg, Malmö kommun",2014-01-31,Tobias Enckell,https://www.hemnet.se/maklare/riksbyggen-ekonomisk-forening-719511/tobias-enckell-6001,31964.0,895000,0 kr (±0 %),Lägenhet,Bostadsrätt,1 rum,28 m²,,,1943,2011.0,2160.0,,,,,Brf Rydbergshill,2014.0,1.0,31.0
380000,Vitemöllegatan 4F,Lägenhet,"Nobeltorget, Malmö kommun",2015-10-14,Roland Klarr,https://www.hemnet.se/maklare/ask-fastighetsformedling-711911/roland-klarr-10090,16522.0,295000,+85 000 kr (+29 %),Lägenhet,Bostadsrätt,1 rum,23 m²,,,1944,1766.0,4500.0,,,,,,2015.0,10.0,14.0
1195000,Rabygatan 65,Lägenhet,"Limhamn, Malmö kommun",2022-02-21,Johanna Olsson,https://www.hemnet.se/maklare/fastighetsbyran-malmo-169/johanna-olsson-9058,41207.0,1295000,-100 000 kr (-8 %),Lägenhet,Bostadsrätt,1 rum,29 m²,,"2 av 4, hiss finns",1954,2225.0,,,,,,,2022.0,2.0,21.0
1070000,Fredriksbergsgatan 8,Lägenhet,"City/Slussen, Malmö kommun",2023-11-06,Eric Roberts,https://www.hemnet.se/maklare/skandiamaklarna-malmo-city-34259/eric-roberts-18069,44583.0,1085000,-15 000 kr (-1 %),Lägenhet,Bostadsrätt,1 rum,24 m²,,"5 av 5, hiss finns ej",1926,1606.0,4800.0,,,,,,2023.0,11.0,6.0
925000,Trelleborgsgatan 4B,Lägenhet,"Folkets Park, Malmö kommun",2021-03-22,Lisa Ivarsson,https://www.hemnet.se/maklare/croisette-malmo-slottsstaden-1091/lisa-ivarsson-14256,42045.0,995000,-70 000 kr (-7 %),Lägenhet,Bostadsrätt,1 rum,22 m²,Nej,"5 av 5, hiss finns ej",1935,1306.0,,,,,,,2021.0,3.0,22.0
400000,Jasmingången 3,Fritidsboende,"Västkustens koloniområde / Sibbarp, Malmö kommun",2016-08-05,David Blomberg,https://www.hemnet.se/maklare/zetterberg-blomberg-fastighetsformedling-33587/david-blomberg-217,,390000,+10 000 kr (+3 %),Fritidsboende,Äganderätt,2 rum,30 m²,,,60-tal,,996.0,12 m²,300 m²,,,,2016.0,8.0,5.0
1060000,Östra Ryttmästaregatan 15A,Lägenhet,"Slottsstaden, Malmö kommun",2019-01-18,Philip Ekdahl,https://www.hemnet.se/maklare/croisette-malmo-slottsstaden-1091/philip-ekdahl-11614,37857.0,995000,+65 000 kr (+7 %),Lägenhet,Bostadsrätt,1 rum,28 m²,,,1947,1715.0,,,,,,Brf Göinge 6,2019.0,1.0,18.0
945000,Osbygatan 11C,Lägenhet,"Nobeltorget, Malmö kommun",2020-09-04,Love Fält,https://www.hemnet.se/maklare/bulow-lind-fastighetsformedling-28267/love-falt-17703,35261.0,995000,-50 000 kr (-5 %),Lägenhet,Bostadsrätt,1 rum,"26,8 m²",Nej,,1936,1491.0,4700.0,,,,,,2020.0,9.0,4.0
850000,Dalaplan 4D,Lägenhet,"Dalaplan, Malmö kommun",2023-01-13,Malin van Ekström Ahlby,https://www.hemnet.se/maklare/erik-olsson-fastighetsformedling-720071/malin-van-ekstrom-ahlby-20906,27778.0,850000,0 kr (±0 %),Lägenhet,Bostadsrätt,1 rum,"30,6 m²",Nej,"3 av 4, hiss finns ej",1936,1670.0,1920.0,,,,,,2023.0,1.0,13.0
446000,Sperlingsgatan 7c,Lägenhet,"Kirseberg, Malmö kommun",2015-07-17,Anders Nilsson,https://www.hemnet.se/maklare/bjurfors-malmo-city-1806/anders-nilsson-9587,15649.0,395000,+51 000 kr (+13 %),Lägenhet,Bostadsrätt,1 rum,"28,5 m²",,,1946-1949,2304.0,,,,,,HSB Brf Huggaren,2015.0,7.0,17.0
795000,Köpenhamnsvägen 13C,Lägenhet,"Slottsstaden, Malmö kommun",2017-11-29,Philip Ekdahl,https://www.hemnet.se/maklare/croisette-malmo-slottsstaden-1091/philip-ekdahl-11614,38780.0,795000,0 kr (±0 %),Lägenhet,Bostadsrätt,1 rum,"20,5 m²",,,1953,1117.0,,,,,,HSB Brf Bornholm,2017.0,11.0,29.0
1100000,Västra Varvsgatan 16 G,Lägenhet,"Västra Hamnen, Malmö kommun",2015-07-23,Johanna Olsson,https://www.hemnet.se/maklare/fastighetsbyran-malmo-169/johanna-olsson-9058,41825.0,1050000,+50 000 kr (+5 %),Lägenhet,Bostadsrätt,1 rum,"26,3 m²",,,,1751.0,3500.0,,,,,Brf Ankarparken,2015.0,7.0,23.0
675000,Vitemöllegatan 10 C,Lägenhet,"Nobeltorget, Malmö kommun",2019-09-13,Ericka Nguyen,https://www.hemnet.se/maklare/fastighetsbyran-malmo-169/ericka-nguyen-8936,28125.0,675000,0 kr (±0 %),Lägenhet,Bostadsrätt,1 rum,24 m²,,,1945,1996.0,,,,,,,2019.0,9.0,13.0
1130000,Nikolaigatan 6,Lägenhet,"Triangeln, Malmö kommun",2018-05-17,Agneta Chong,https://www.hemnet.se/maklare/erik-olsson-fastighetsformedling-435894/agneta-chong-9177,38966.0,995000,+135 000 kr (+14 %),Lägenhet,Bostadsrätt,1 rum,29 m²,,,1939,1688.0,4500.0,,,,,Brf Vesslan 15,2018.0,5.0,17.0
1525000,Major Nilssonsgatan 7B,Lägenhet,"Slottsstaden, Malmö kommun",2022-08-22,Caroline Wannerth,https://www.hemnet.se/maklare/skandiamaklarna-malmo-vaster-oster-718231/caroline-wannerth-19967,50833.0,1450000,+75 000 kr (+5 %),Lägenhet,Bostadsrätt,1 rum,30 m²,Ja,"3 av 3, hiss finns ej",,1550.0,,,,,,,2022.0,8.0,22.0
1050000,Major Nilssonsgatan 11A,Lägenhet,"Slottsstaden, Malmö kommun",2023-11-24,Lisa Ivarsson,https://www.hemnet.se/maklare/croisette-malmo-slottsstaden-1091/lisa-ivarsson-14256,40385.0,1195000,-145 000 kr (-12 %),Lägenhet,Bostadsrätt,1 rum,26 m²,Nej,"1,5 av 3, hiss finns ej",1946,1808.0,,,,,,,2023.0,11.0,24.0
1555000,Regementsgatan 23,Lägenhet,"Ribersborg, Malmö kommun",2021-08-23,Martin Arup,https://www.hemnet.se/maklare/erik-olsson-fastighetsformedling-720071/martin-arup-6181,51833.0,1495000,+60 000 kr (+4 %),Lägenhet,Bostadsrätt,1 rum,30 m²,Nej,"3 av 5, hiss finns",1937,2340.0,5700.0,,,,,,2021.0,8.0,23.0
680000,Roskildevägen 11c,Lägenhet,"Pildammarna, Malmö kommun",2015-08-03,Lennart Andén,https://www.hemnet.se/maklare/bocenter-fastighetsformedling-717791/lennart-anden-2543,26154.0,775000,-95 000 kr (-12 %),Lägenhet,Bostadsrätt,1 rum,26 m²,,,1946,1564.0,3000.0,,,,,,2015.0,8.0,3.0
660000,Ystadsgatan 47G,Lägenhet,"Möllevången/Sofielund, Malmö kommun",2015-08-06,Kenan Hasanoglu,https://www.hemnet.se/maklare/fastighetsbyran-malmo-169/kenan-hasanoglu-10334,21290.0,545000,+115 000 kr (+21 %),Lägenhet,Bostadsrätt,1 rum,31 m²,,,1937,2257.0,5360.0,,,,,Brf Urbilden,2015.0,8.0,6.0
1170000,Sölvesborgsgatan 1,Lägenhet,"Folkets Park, Malmö kommun",2021-08-09,Frida Nordeborg,https://www.hemnet.se/maklare/erik-olsson-fastighetsformedling-435894/frida-nordeborg-16470,46800.0,995000,+175 000 kr (+18 %),Lägenhet,Bostadsrätt,2 rum,25 m²,Nej,"5 av 5, hiss finns ej",1939,1777.0,4320.0,,,,,,2021.0,8.0,9.0
965000,Glasbruksgatan 2A,Lägenhet,"Limhamn, Malmö kommun",2020-07-02,Daniel Bokhari Friberg,https://www.hemnet.se/maklare/erik-olsson-fastighetsformedling-435894/daniel-bokhari-friberg-16292,48250.0,965000,0 kr (±0 %),Lägenhet,Bostadsrätt,1 rum,20 m²,Nej,,1950,1441.0,3620.0,,,,,,2020.0,7.0,2.0
650000,Serenadgatan 62,Lägenhet,"Högaholm, Malmö kommun",2023-07-13,Kenan Hasanoglu,https://www.hemnet.se/maklare/fastighetsbyran-malmo-169/kenan-hasanoglu-10334,24074.0,695000,-45 000 kr (-6 %),Lägenhet,Bostadsrätt,1 rum,27 m²,Ja,"1 av 9, hiss finns",1971,1838.0,,,,,,,2023.0,7.0,13.0
1020000,Pilåkersvägen 4 a,Lägenhet,"Dammfri, Malmö kommun",2016-10-18,Elaine Mürgas,https://www.hemnet.se/maklare/fastighetsbyran-malmo-169/elaine-murgas-11453,40800.0,795000,+225 000 kr (+28 %),Lägenhet,Bostadsrätt,1 rum,25 m²,,,1951,1839.0,4700.0,,,,,HSB Brf Ängdala I Malmö,2016.0,10.0,18.0
500000,Cox Orangegången 348,Fritidsboende,"Ärtholmen, Malmö kommun",2017-04-21,David Blomberg,https://www.hemnet.se/maklare/zetterberg-blomberg-fastighetsformedling-33587/david-blomberg-217,,425000,+75 000 kr (+18 %),Fritidsboende,Äganderätt,1 rum,24 m²,,,,,3396.0,15 m²,300 m²,,,,2017.0,4.0,21.0
1175000,Ernst Ahlgrensgatan 4B,Lägenhet,"Ribersborg, Malmö kommun",2022-11-30,Linnéa Lindberg,https://www.hemnet.se/maklare/fastighetsbyran-malmo-169/linnea-lindberg-17954,40517.0,1195000,-20 000 kr (-2 %),Lägenhet,Bostadsrätt,1 rum,29 m²,,"7 av 7, hiss finns",1953,2110.0,,,,,,,2022.0,11.0,30.0
1405000,Carl Herslowsgatan 9,Lägenhet,"Hästhagen, Malmö kommun",2018-12-22,Malin Fasth,https://www.hemnet.se/maklare/fastighetsbyran-malmo-169/malin-fasth-8117,53831.0,1395000,+10 000 kr (+1 %),Lägenhet,Bostadsrätt,1 rum,"26,1 m²",,,,1566.0,,,,,,Brf Hästhagen,2018.0,12.0,22.0
1415000,Kilian Zollsgatan 7B,Lägenhet,"Ribersborg, Malmö kommun",2021-03-07,Ola G Lindskog,https://www.hemnet.se/maklare/bodirekt-298/ola-g-lindskog-416,45645.0,1195000,+220 000 kr (+18 %),Lägenhet,Bostadsrätt,1 rum,31 m²,Ja,"1 av 4, hiss finns ej",1939,1921.0,,,,,,,2021.0,3.0,7.0
1295000,Roslins väg 14B,Lägenhet,"Ribersborg, Malmö kommun",2022-04-14,Dennis Berg,https://www.hemnet.se/maklare/bjurfors-jonkoping-711611/dennis-berg-10675,43167.0,1295000,0 kr (±0 %),Lägenhet,Bostadsrätt,1 rum,30 m²,Nej,"1 av 4, hiss finns ej",1953,2682.0,,,,,,,2022.0,4.0,14.0
1300000,"Östra Sommarstaden, Vitsippegången kolonistuga B2",Fritidshus,"Johanneslust, Malmö kommun",2021-04-20,Lisa Ivarsson,https://www.hemnet.se/maklare/croisette-malmo-slottsstaden-1091/lisa-ivarsson-14256,,795000,+505 000 kr (+64 %),Fritidshus,Annat,2 rum,29 m²,,,,,,,434 m²,,6 926 kr/år,,2021.0,4.0,20.0
1150000,Hässleholmsgatan 4,Lägenhet,"Nobeltorget, Malmö kommun",2021-05-28,Emmeli Ryd,https://www.hemnet.se/maklare/erik-olsson-fastighetsformedling-727551/emmeli-ryd-19179,46748.0,995000,+155 000 kr (+16 %),Lägenhet,Bostadsrätt,1 rum,"24,6 m²",Nej,"2 av 4, hiss finns ej",1936,1392.0,,,,,,,2021.0,5.0,28.0
950000,Erikslustvägen 42H,Lägenhet,"Slottsstaden, Malmö kommun",2018-03-22,Johanna Olsson,https://www.hemnet.se/maklare/fastighetsbyran-malmo-169/johanna-olsson-9058,35185.0,950000,0 kr (±0 %),Lägenhet,Bostadsrätt,1 rum,27 m²,,,,1714.0,,,,,,HSB Brf Erikslust,2018.0,3.0,22.0
900000,Producentgatan 1,Lägenhet,"Lindeborg, Malmö kommun",2023-02-10,Nour Khalil,https://www.hemnet.se/maklare/mohv-hyllie-725851/nour-khalil-21954,31034.0,895000,+5 000 kr (+1 %),Lägenhet,Bostadsrätt,"1,5 rum",29 m²,Nej,"1 av 8, hiss finns",1973,1782.0,,,,,,,2023.0,2.0,10.0
810000,Jasminlunden 130,Fritidshus,"Elinelund, Malmö kommun",2021-09-14,David Blomberg,https://www.hemnet.se/maklare/zetterberg-blomberg-fastighetsformedling-33587/david-blomberg-217,,695000,+115 000 kr (+17 %),Fritidshus,Annat,2 rum,30 m²,,,1954,,13300.0,"6,5 m²",390 m²,,,,2021.0,9.0,14.0
1075000,Rabygatan 69,Lägenhet,"Limhamn, Malmö kommun",2021-07-19,Ellie Knutsson Olsrup,https://www.hemnet.se/maklare/erik-olsson-fastighetsformedling-727551/ellie-knutsson-olsrup-19045,37069.0,995000,+80 000 kr (+8 %),Lägenhet,Bostadsrätt,1 rum,29 m²,Nej,"2 av 4, hiss finns",1953,2160.0,4320.0,,,,,,2021.0,7.0,19.0
670000,Kungsgatan 27 B,Lägenhet,"Rörsjöstaden, Malmö kommun",2015-11-18,Ulf Björk,https://www.hemnet.se/maklare/bulow-lind-fastighetsformedling-28267/ulf-bjork-7802,29130.0,595000,+75 000 kr (+13 %),Lägenhet,Bostadsrätt,1 rum,23 m²,,,1934,1894.0,5040.0,,,,,,2015.0,11.0,18.0
1350000,Gustaf Rydbergsgatan 7,Lägenhet,"Ribersborg, Malmö kommun",2018-08-09,Filip Ericsson,https://www.hemnet.se/maklare/bjurfors-malmo-vaster-12366/filip-ericsson-9481,48214.0,1195000,+155 000 kr (+13 %),Lägenhet,Bostadsrätt,1 rum,28 m²,,,1943-1951,1810.0,,,,,,Brf Rydbergshill,2018.0,8.0,9.0
1000000,Ellstorpsgatan 1A,Lägenhet,"Ellstorp, Malmö kommun",2021-08-04,Maja Gunnarsson,https://www.hemnet.se/maklare/fastighetsbyran-svedala-708631/maja-gunnarsson-18398,34965.0,975000,+25 000 kr (+3 %),Lägenhet,Bostadsrätt,1 rum,"28,6 m²",,"4 av 6, hiss finns",1939,1435.0,,,,,,,2021.0,8.0,4.0
525000,"Nr 351, Gång 2B",Fritidshus,"Mossängen, Malmö kommun",2019-05-14,David Blomberg,https://www.hemnet.se/maklare/zetterberg-blomberg-fastighetsformedling-33587/david-blomberg-217,,510000,+15 000 kr (+3 %),Fritidshus,Annat,2 rum,31 m²,,,1960,,12400.0,36 m²,378 m²,,,,2019.0,5.0,14.0
1130000,Eslövsgatan 1C,Lägenhet,"Västra Sorgenfri, Malmö kommun",2021-01-30,Kenan Hasanoglu,https://www.hemnet.se/maklare/fastighetsbyran-malmo-169/kenan-hasanoglu-10334,36452.0,1095000,+35 000 kr (+3 %),Lägenhet,Bostadsrätt,1 rum,31 m²,,"1 av 4, hiss finns ej",1939,2979.0,,,,,,,2021.0,1.0,30.0
1125000,Möllevångsgatan 30A,Lägenhet,"Triangeln, Malmö kommun",2019-06-10,Johan Dahlberg,https://www.hemnet.se/maklare/lansforsakringar-fastighetsformedling-malmo-39311/johan-dahlberg-12808,40179.0,1095000,+30 000 kr (+3 %),Lägenhet,Bostadsrätt,1 rum,28 m²,,,1968,1874.0,3000.0,,,,,,2019.0,6.0,10.0
1130000,Östra Rönneholmsvägen 25,Lägenhet,"Hästhagen, Malmö kommun",2016-09-28,Anna Danielsson,https://www.hemnet.se/maklare/erik-olsson-fastighetsformedling-435894/anna-danielsson-9234,36452.0,995000,+135 000 kr (+14 %),Lägenhet,Bostadsrätt,1 rum,31 m²,,,1934,2080.0,2005.0,,,,,Brf Hövitsmannen 3,2016.0,9.0,28.0
930000,Nordlinds Väg 100 B,Lägenhet,"Rönneholm, Malmö kommun",2019-03-13,Agneta Chong,https://www.hemnet.se/maklare/erik-olsson-fastighetsformedling-435894/agneta-chong-9177,46500.0,895000,+35 000 kr (+4 %),Lägenhet,Bostadsrätt,1 rum,20 m²,,,1956,1361.0,4100.0,,,,,HSB:s Brf Basunen,2019.0,3.0,13.0
745000,Hässleholmsgatan 5B,Lägenhet,"Nobeltorget, Malmö kommun",2016-09-28,Filip Ericsson,https://www.hemnet.se/maklare/bjurfors-malmo-vaster-12366/filip-ericsson-9481,29800.0,695000,+50 000 kr (+7 %),Lägenhet,Bostadsrätt,1 rum,25 m²,,,1937,1385.0,,,,,,Brf Ängen,2016.0,9.0,28.0
995000,Folketshusvägen 19,Lägenhet,"Klagshamn, Malmö kommun",2020-07-15,Therese Lagerfelt,https://www.hemnet.se/maklare/fastighetsbyran-malmo-169/therese-lagerfelt-15913,35536.0,995000,0 kr (±0 %),Lägenhet,Bostadsrätt,1 rum,28 m²,,"4 av 5, hiss finns",2019-2020,2113.0,2772.0,,,,,,2020.0,7.0,15.0
1215000,Ernst Ahlgrensgatan 4 A,Lägenhet,"Ribersborg, Malmö kommun",2018-10-26,Anna Danielsson,https://www.hemnet.se/maklare/erik-olsson-fastighetsformedling-435894/anna-danielsson-9234,50625.0,1195000,+20 000 kr (+2 %),Lägenhet,Bostadsrätt,1 rum,24 m²,,,1953,1486.0,3480.0,,,,,Brf Stjärnehus,2018.0,10.0,26.0
775000,Idaborgsgatan 57D,Lägenhet,"Ellstorp, Malmö kommun",2022-06-03,Filip Ericsson,https://www.hemnet.se/maklare/bjurfors-malmo-vaster-12366/filip-ericsson-9481,29808.0,745000,+30 000 kr (+4 %),Lägenhet,Bostadsrätt,1 rum,26 m²,Nej,"2 av 6, hiss finns",1940,2138.0,,,,,,,2022.0,6.0,3.0
710000,Stuga 588 - Gång 7,Fritidshus,"Mossängen Sommarstad, Malmö kommun",2023-09-09,Lennart Andén,https://www.hemnet.se/maklare/kolonimaklarna-725411/lennart-anden-17714,,675000,+35 000 kr (+5 %),Fritidshus,Annat,2 rum,30 m²,,,1954,,2000.0,15 m²,380 m²,,11 300 kr/år,,2023.0,9.0,9.0
850000,Dansörgatan 12,Lägenhet,"Lindeborg, Malmö kommun",2023-10-08,Sharon Ma,https://www.hemnet.se/maklare/croisette-hyllie-708891/sharon-ma-18405,29310.0,895000,-45 000 kr (-5 %),Lägenhet,Bostadsrätt,1 rum,29 m²,Nej,"1 av 8, hiss finns",1973,1915.0,,,,,,,2023.0,10.0,8.0
995000,Ystadsgatan 47G,Lägenhet,"Nobeltorget, Malmö kommun",2020-10-16,Alexander Karlsson,https://www.hemnet.se/maklare/svensk-fastighetsformedling-malmo-701451/alexander-karlsson-17010,32097.0,995000,0 kr (±0 %),Lägenhet,Bostadsrätt,1 rum,31 m²,Ja,"4 av 4, hiss finns ej",1937,2204.0,4800.0,,,,,,2020.0,10.0,16.0
1120000,Älggatan 48A,Lägenhet,"Limhamn, Malmö kommun",2020-07-16,Johan Dahlgren,https://www.hemnet.se/maklare/croisette-malmo-vastra-hamnen-12766/johan-dahlgren-465,39716.0,1125000,-5 000 kr (±0 %),Lägenhet,Bostadsrätt,1 rum,"28,2 m²",Nej,,1953,1790.0,,,,,,,2020.0,7.0,16.0
525000,Östra Farmvägen 37 C,Lägenhet,"Östra Sorgenfri, Malmö kommun",2016-07-10,[email protected],"https://www.hemnet.se/maklare/hemverket-ab-36511/info-hemverket,se-144",25000.0,525000,0 kr (±0 %),Lägenhet,Bostadsrätt,1 rum,21 m²,,,,1078.0,,,,,,HSB Bostadsrättsförening Manligheten i Malmö,2016.0,7.0,10.0
750000,Lektorsgatan 3 B,Lägenhet,"Nydala, Malmö kommun",2021-02-27,Martina Ahlberg,https://www.hemnet.se/maklare/fastighetsbyran-malmo-169/martina-ahlberg-16952,25424.0,750000,0 kr (±0 %),Lägenhet,Bostadsrätt,1 rum,"29,5 m²",Ja,"1 av 4, hiss finns ej",1962,2023.0,,,,,,,2021.0,2.0,27.0
650000,Lettlandsgatan 2C,Lägenhet,"Heleneholm, Malmö kommun",2023-10-17,Mohammad Omran,https://www.hemnet.se/maklare/lansforsakringar-fastighetsformedling-malmo-39311/mohammad-omran-21383,22491.0,745000,-95 000 kr (-13 %),Lägenhet,Bostadsrätt,1 rum,"28,9 m²",Nej,"2 av 4, hiss finns ej",1957,1624.0,,,,,,,2023.0,10.0,17.0
1375000,Falsterbogatan 18 B,Lägenhet,"Folkets park / Möllevången, Malmö kommun",2017-03-06,Fatima Friberg,https://www.hemnet.se/maklare/bohem-40591/fatima-friberg-10507,52083.0,1150000,+225 000 kr (+20 %),Lägenhet,Bostadsrätt,1 rum,"26,4 m²",,,1939,1418.0,7416.0,,,,,,2017.0,3.0,6.0
1600000,Östra Rönneholmsvägen 6 B,Lägenhet,"Rådmansvången, Malmö kommun",2017-08-12,Therese Franzén,https://www.hemnet.se/maklare/erik-olsson-fastighetsformedling-732631/therese-franzen-10143,51613.0,1195000,+405 000 kr (+34 %),Lägenhet,Bostadsrätt,1 rum,31 m²,,,1908,1679.0,1800.0,,,,,Bostadsrättsföreningen Klostret 2,2017.0,8.0,12.0
680000,Eslövsgatan 1C,Lägenhet,"Västra Sorgenfri, Malmö kommun",2015-09-02,Karin Bergkvist,https://www.hemnet.se/maklare/bjurfors-malmo-city-1806/karin-bergkvist-4069,29565.0,620000,+60 000 kr (+10 %),Lägenhet,Bostadsrätt,1 rum,23 m²,,,1939,2163.0,,,,,,Brf Hammarslund,2015.0,9.0,2.0
1095000,Bodekullsgatan 39 A,Lägenhet,"Sorgenfri, Malmö kommun",2022-03-18,Majlinda Halimi Hugosson,https://www.hemnet.se/maklare/erik-olsson-fastighetsformedling-435894/majlinda-halimi-hugosson-12128,39107.0,1095000,0 kr (±0 %),Lägenhet,Bostadsrätt,1 rum,28 m²,Nej,"3 av 4, hiss finns ej",1947,1624.0,1920.0,,,,,,2022.0,3.0,18.0
460000,Rosengången 61,Fritidsboende,"Sibbarp / Västkustens koloniområde, Malmö kommun",2018-04-03,Marcus Zetterberg,https://www.hemnet.se/maklare/zetterberg-blomberg-fastighetsformedling-33587/marcus-zetterberg-9077,,495000,-35 000 kr (-7 %),Fritidsboende,Äganderätt,2 rum,29 m²,,,80-tal / 2005,,1600.0,10 m²,393 m²,,,,2018.0,4.0,3.0
595000,Vattenverksvägen 41B,Lägenhet,"Kirseberg, Malmö kommun",2020-06-04,Ola G Lindskog,https://www.hemnet.se/maklare/bodirekt-298/ola-g-lindskog-416,25870.0,595000,0 kr (±0 %),Lägenhet,Bostadsrätt,1 rum,23 m²,Ja,,1952,1709.0,,,,,,,2020.0,6.0,4.0
1060000,Helmfeltsgatan 12,Lägenhet,"Hästhagen/Davidshall, Malmö kommun",2023-01-10,Sandra Lindh,https://www.hemnet.se/maklare/husmanhagberg-malmo-4545/sandra-lindh-17715,43265.0,895000,+165 000 kr (+18 %),Lägenhet,Bostadsrätt,1 rum,"24,5 m²",Nej,"1 av 5, hiss finns",1945,1217.0,,,,,,,2023.0,1.0,10.0
1245000,Carl Herslowsgatan 11 A,Lägenhet,"Hästhagen, Malmö kommun",2019-01-04,Johanna Mjöfors,https://www.hemnet.se/maklare/erik-olsson-fastighetsformedling-435894/johanna-mjofors-14058,42931.0,1245000,0 kr (±0 %),Lägenhet,Bostadsrätt,1 rum,29 m²,,,1943,1610.0,3680.0,,,,,HSB:s Brf Kanslern i Malmö,2019.0,1.0,4.0
1050000,Vendelsfridsgatan 6B,Lägenhet,"Lorensborg, Malmö kommun",2023-08-01,Rama Bernin,https://www.hemnet.se/maklare/croisette-malmo-vastra-hamnen-12766/rama-bernin-21858,38889.0,1195000,-145 000 kr (-12 %),Lägenhet,Bostadsrätt,1 rum,27 m²,Ja,"15 av 16, hiss finns",1959,2131.0,,,,,,,2023.0,8.0,1.0
900000,Vårgatan 3A,Lägenhet,"Östervärn, Malmö kommun",2017-08-16,Mathilda Skoglund,https://www.hemnet.se/maklare/bjurfors-malmo-city-1806/mathilda-skoglund-11409,36000.0,795000,+105 000 kr (+13 %),Lägenhet,Bostadsrätt,1 rum,25 m²,,,1936,1764.0,,,,,,Brf Malmö Värnhem 13,2017.0,8.0,16.0
940000,Karlshamnsgatan 2,Lägenhet,"Folkets park, Malmö kommun",2023-09-13,Love Fält,https://www.hemnet.se/maklare/lansforsakringar-fastighetsformedling-malmo-39311/love-falt-21434,32414.0,945000,-5 000 kr (-1 %),Lägenhet,Bostadsrätt,1 rum,29 m²,Nej,"2 av 4, hiss finns ej",1935,2752.0,2400.0,,,,,,2023.0,9.0,13.0
1125000,Kilian Zollsgatan 9 B,Lägenhet,"Ribersborg, Malmö kommun",2016-09-05,Martin Arup,https://www.hemnet.se/maklare/erik-olsson-fastighetsformedling-720071/martin-arup-6181,40179.0,995000,+130 000 kr (+13 %),Lägenhet,Bostadsrätt,1 rum,28 m²,,,1945,2116.0,3400.0,,,,,Brf Kilian 9,2016.0,9.0,5.0
1100000,Mäster Henriksgatan 10 A,Lägenhet,"S:t Knut, Malmö kommun",2017-09-27,Fatima Friberg,https://www.hemnet.se/maklare/bohem-40591/fatima-friberg-10507,45643.0,1195000,-95 000 kr (-8 %),Lägenhet,Bostadsrätt,1 rum,"24,1 m²",,,1932,1208.0,,,,,,,2017.0,9.0,27.0
1130000,Bobergsängen 6B,Lägenhet,"Dammfri, Malmö kommun",2023-01-05,Emma Wrangmark,https://www.hemnet.se/maklare/svensk-fastighetsformedling-malmo-701451/emma-wrangmark-13676,43295.0,1195000,-65 000 kr (-5 %),Lägenhet,Bostadsrätt,1 rum,"26,1 m²",Ja,"2, hiss finns ej",1949,2499.0,,,,,,,2023.0,1.0,5.0
565000,Närkesgatan 3A,Lägenhet,"Dalaplan, Malmö kommun",2015-09-17,Gustav Cagmo,https://www.hemnet.se/maklare/bjurfors-malmo-oster-2048/gustav-cagmo-8076,19483.0,550000,+15 000 kr (+3 %),Lägenhet,Bostadsrätt,1 rum,29 m²,,,1957,2132.0,,,,,,HSB Brf Vättern,2015.0,9.0,17.0
600000,Mäster Henriksgatan 6,Lägenhet,"S:t Knut, Malmö kommun",2014-10-30,Filip Ericsson,https://www.hemnet.se/maklare/bjurfors-malmo-vaster-12366/filip-ericsson-9481,24000.0,495000,+105 000 kr (+21 %),Lägenhet,Bostadsrätt,1 rum,25 m²,,,1936,1499.0,4200.0,,,,,Brf Mäster Henrik,2014.0,10.0,30.0
420000,Gullregnsgången 16,Fritidshus,"Sibbarp / Västkustens koloniförening, Malmö kommun",2019-05-11,David Blomberg,https://www.hemnet.se/maklare/zetterberg-blomberg-fastighetsformedling-33587/david-blomberg-217,,395000,+25 000 kr (+6 %),Fritidshus,Annat,2 rum,28 m²,,,1960,,10400.0,,401 m²,,,,2019.0,5.0,11.0
675000,Sandbackegatan 7c,Lägenhet,"Kirseberg, Malmö kommun",2019-10-29,Elaine Mürgas,https://www.hemnet.se/maklare/fastighetsbyran-malmo-169/elaine-murgas-11453,27551.0,575000,+100 000 kr (+17 %),Lägenhet,Bostadsrätt,1 rum,"24,5 m²",Nej,,,2120.0,,,,,,,2019.0,10.0,29.0
705000,ÖSTRA FARMVÄGEN 37C,Lägenhet,"Nobel / Sorgenfri, Malmö kommun",2017-10-09,Ola G Lindskog,https://www.hemnet.se/maklare/bodirekt-298/ola-g-lindskog-416,33571.0,595000,+110 000 kr (+18 %),Lägenhet,Bostadsrätt,1 rum,21 m²,,,1956,1078.0,1200.0,,,,,Manligheten Hsb,2017.0,10.0,9.0
1400000,Roslins väg 17A,Lägenhet,"Ribersborg, Malmö kommun",2017-08-08,Dennis Berg,https://www.hemnet.se/maklare/bjurfors-jonkoping-711611/dennis-berg-10675,53846.0,1075000,+325 000 kr (+30 %),Lägenhet,Bostadsrätt,1 rum,26 m²,,,1944,1489.0,,,,,,Brf Roslin,2017.0,8.0,8.0
695000,Branteviksgatan 24,Lägenhet,"Östra Sorgenfri, Malmö kommun",2023-03-16,Daniel Marzouk,https://www.hemnet.se/maklare/maklarhuset-malmo-regementsgatan-25107/daniel-marzouk-16833,25741.0,695000,0 kr (±0 %),Lägenhet,Bostadsrätt,1 rum,27 m²,,"1 av 5, hiss finns",1972,1817.0,,,,,,,2023.0,3.0,16.0
1345000,Regementsgatan 23,Lägenhet,"Ribersborg, Malmö kommun",2019-01-30,Marielle Jungerup,https://www.hemnet.se/maklare/bjurfors-malmo-city-1806/marielle-jungerup-4076,44833.0,1345000,0 kr (±0 %),Lägenhet,Bostadsrätt,1 rum,30 m²,,,1937,2340.0,,,,,,Brf Inland 4,2019.0,1.0,30.0
1225000,Rosengrens gata 7A,Lägenhet,"Limhamns Sjöstad, Malmö kommun",2020-04-19,Dan Andersson,https://www.hemnet.se/maklare/bjurfors-limhamn-1807/dan-andersson-4057,40833.0,1350000,-125 000 kr (-9 %),Lägenhet,Bostadsrätt,1 rum,30 m²,Nej,,2019,2215.0,,,,Ja,,,2020.0,4.0,19.0
715000,Statistgatan 16,Lägenhet,"Lindeborg, Malmö kommun",2022-12-14,Tarik Dizdar,https://www.hemnet.se/maklare/lansforsakringar-fastighetsformedling-malmo-39311/tarik-dizdar-21539,24655.0,795000,-80 000 kr (-10 %),Lägenhet,Bostadsrätt,1 rum,29 m²,Nej,"1 av 8, hiss finns",1973,1818.0,,,,,,,2022.0,12.0,14.0
925000,Åkerögången 211 - Ärtholmens Sommarstad,Fritidshus,"Ärtholmens Sommarstad, Malmö kommun",2023-09-14,Lennart Andén,https://www.hemnet.se/maklare/kolonimaklarna-725411/lennart-anden-17714,,775000,+150 000 kr (+19 %),Fritidshus,Annat,2 rum,31 m²,,,1950,,6400.0,15 m²,285 m²,,6 600 kr/år,,2023.0,9.0,14.0
670000,Estlandsgatan 5C,Lägenhet,"Heleneholm, Malmö kommun",2017-12-07,Mikael Öhlin,https://www.hemnet.se/maklare/croisette-malmo-slottsstaden-1091/mikael-ohlin-11133,23183.0,645000,+25 000 kr (+4 %),Lägenhet,Bostadsrätt,1 rum,"28,9 m²",,,1957,1406.0,,,,,,Brf Skeppsbyggaren,2017.0,12.0,7.0
450000,Poppelgången 84,Fritidshus,"Jägershill 1, Malmö kommun",2022-06-21,Marcus Zetterberg,https://www.hemnet.se/maklare/zetterberg-blomberg-fastighetsformedling-33587/marcus-zetterberg-9077,,395000,+55 000 kr (+14 %),Fritidshus,Annat,2 rum,24 m²,,,1960,,15900.0,20 m²,603 m²,,,,2022.0,6.0,21.0
1000000,Stora Nygatan 23,Lägenhet,"City, Malmö kommun",2016-05-16,Johan Dahlgren,https://www.hemnet.se/maklare/croisette-malmo-vastra-hamnen-12766/johan-dahlgren-465,45704.0,995000,+5 000 kr (+1 %),Lägenhet,Bostadsrätt,1 rum,"21,9 m²",,,1895,1401.0,,,,,,Brf Concordia 15,2016.0,5.0,16.0
745000,Sadelmakarebyn 7c,Lägenhet,"Annestad, Malmö kommun",2023-08-30,Jesper Jeschko Björnsson,https://www.hemnet.se/maklare/fastighetsbyran-malmo-169/jesper-jeschko-bjornsson-18545,27593.0,775000,-30 000 kr (-4 %),Lägenhet,Bostadsrätt,1 rum,27 m²,,"4 av 4, hiss finns",2005,2925.0,3494.0,,,,,,2023.0,8.0,30.0
990000,Möllevångsgatan 30A,Lägenhet,"Triangeln, Malmö kommun",2022-04-27,Jacob Friberg,https://www.hemnet.se/maklare/bjurfors-malmo-oster-2048/jacob-friberg-14876,35357.0,995000,-5 000 kr (-1 %),Lägenhet,Bostadsrätt,1 rum,28 m²,Nej,"3 av 5, hiss finns",1968,2062.0,,,,,,,2022.0,4.0,27.0
695000,Branteviksgatan 5A,Lägenhet,"Sorgenfri, Malmö kommun",2023-02-13,Varo Dalawy,https://www.hemnet.se/maklare/mohv-malmo-20887/varo-dalawy-22132,28367.0,695000,0 kr (±0 %),Lägenhet,Bostadsrätt,1 rum,"24,5 m²",Ja,"7 av 10, hiss finns",1959,2321.0,,,,,,,2023.0,2.0,13.0
750000,Aktrisgatan 14,Lägenhet,"Lindeborg, Malmö kommun",2017-02-09,Emir Salkic,https://www.hemnet.se/maklare/croisette-malmo-slottsstaden-1091/emir-salkic-1545,27778.0,695000,+55 000 kr (+8 %),Lägenhet,Bostadsrätt,1 rum,27 m²,,,1972,1615.0,,,,,,HSB Brf Sofieholm,2017.0,2.0,9.0
650000,Vitemöllegatan 10C,Lägenhet,"Nobeltorget, Malmö kommun",2016-09-30,Patrik Tegnhammar,https://www.hemnet.se/maklare/bjurfors-malmo-city-1806/patrik-tegnhammar-10542,27083.0,485000,+165 000 kr (+34 %),Lägenhet,Bostadsrätt,1 rum,24 m²,,,1945-1946,1711.0,,,,,,HSB Brf Friheten,2016.0,9.0,30.0
1050000,Ystadsgatan 47A,Lägenhet,"Norra Sofielund, Malmö kommun",2019-02-13,Kenan Hasanoglu,https://www.hemnet.se/maklare/fastighetsbyran-malmo-169/kenan-hasanoglu-10334,33871.0,895000,+155 000 kr (+17 %),Lägenhet,Bostadsrätt,1 rum,31 m²,,,1937,2161.0,,,,,,Brf Urbilden,2019.0,2.0,13.0
1550000,Carl Herslowsgatan 9,Lägenhet,"Hästhagen, Malmö kommun",2022-12-18,Rebecka Ovesen Wågert,https://www.hemnet.se/maklare/croisette-malmo-slottsstaden-1091/rebecka-ovesen-wagert-19855,59387.0,1495000,+55 000 kr (+4 %),Lägenhet,Bostadsrätt,1 rum,"26,1 m²",Ja,"5 av 6, hiss finns",1945,1638.0,,,,,,,2022.0,12.0,18.0
850000,Kilian Zollsgatan 6 A,Lägenhet,"Ribersborg, Malmö kommun",2015-12-05,[email protected],"https://www.hemnet.se/maklare/hemverket-ab-36511/info-hemverket,se-144",30357.0,795000,+55 000 kr (+7 %),Lägenhet,Bostadsrätt,1 rum,28 m²,,,,1767.0,,,,,,Bostadsrättsföreningen Stegeborg 5,2015.0,12.0,5.0
1650000,Gustaf Rydbergsgatan 7,Lägenhet,"Ribersborg, Malmö kommun",2021-08-05,Philip Ekdahl,https://www.hemnet.se/maklare/croisette-malmo-slottsstaden-1091/philip-ekdahl-11614,58929.0,1395000,+255 000 kr (+18 %),Lägenhet,Bostadsrätt,1 rum,28 m²,Nej,"4 av 5, hiss finns ej",1943,1883.0,,,,,,,2021.0,8.0,5.0
1000000,Ehrensvärdsgatan 7,Lägenhet,"Rörsjöstaden, Malmö kommun",2021-03-11,Jacob Edman,https://www.hemnet.se/maklare/mohv-lund-26647/jacob-edman-1695,34483.0,995000,+5 000 kr (+1 %),Lägenhet,Bostadsrätt,1 rum,29 m²,Nej,"5 av 6, hiss finns",1934,2313.0,3500.0,,,,,,2021.0,3.0,11.0
895000,Nordlinds Väg 94C,Lägenhet,"Slottsstaden, Malmö kommun",2016-09-04,Simon Wall Sanktnovius,https://www.hemnet.se/maklare/bjurfors-lund-centrum-1799/simon-wall-sanktnovius-11411,31964.0,895000,0 kr (±0 %),Lägenhet,Bostadsrätt,1 rum,28 m²,,,1954,1509.0,,,,,,HSB Brf Gamban,2016.0,9.0,4.0
1250000,Kronborgsvägen 12C,Lägenhet,"Pildammarna, Malmö kommun",2020-02-16,Dennis Berg,https://www.hemnet.se/maklare/bjurfors-jonkoping-711611/dennis-berg-10675,44643.0,1095000,+155 000 kr (+14 %),Lägenhet,Bostadsrätt,1 rum,28 m²,Nej,,,1870.0,,,,,,,2020.0,2.0,16.0
700000,Uppsalagatan 11B,Lägenhet,"Södervärn / Dalaplan, Malmö kommun",2016-08-04,Marcus Abrahamsson,https://www.hemnet.se/maklare/skandiamaklarna-malmo-vaster-oster-718231/marcus-abrahamsson-7300,25926.0,595000,+105 000 kr (+18 %),Lägenhet,Bostadsrätt,1 rum,27 m²,,,1937,2315.0,2400.0,,,,,Brf Flyttfåglarna,2016.0,8.0,4.0
475000,Lettlandsgatan 2 A,Lägenhet,"Fosiedal/dalaplan, Malmö kommun",2015-08-06,[email protected],"https://www.hemnet.se/maklare/hemverket-ab-36511/info-hemverket,se-144",16436.0,475000,0 kr (±0 %),Lägenhet,Bostadsrätt,1 rum,"28,9 m²",,,,1162.0,,,,,,Brf Skeppsbyggaren,2015.0,8.0,6.0
1205000,Major Nilssonsgatan 11D,Lägenhet,"Slottsstaden, Malmö kommun",2020-03-06,Anders Nilsson,https://www.hemnet.se/maklare/bjurfors-malmo-city-1806/anders-nilsson-9587,46346.0,895000,+310 000 kr (+35 %),Lägenhet,Bostadsrätt,1 rum,26 m²,Nej,,1646,1641.0,,,,,,,2020.0,3.0,6.0
765000,Moltkegången 9 - Ärtholmens Sommarstad,Fritidshus,"Ärtholmens Sommarstad, Malmö kommun",2023-05-30,Lennart Andén,https://www.hemnet.se/maklare/kolonimaklarna-725411/lennart-anden-17714,,575000,+190 000 kr (+33 %),Fritidshus,Annat,2 rum,24 m²,,,1950,,5900.0,6 m²,300 m²,,6 431 kr/år,,2023.0,5.0,30.0
695000,Per Albin Hanssons väg 50B,Lägenhet,"Blekingsborg, Malmö kommun",2016-11-06,Philip Ekdahl,https://www.hemnet.se/maklare/croisette-malmo-slottsstaden-1091/philip-ekdahl-11614,29574.0,635000,+60 000 kr (+9 %),Lägenhet,Bostadsrätt,1 rum,"23,5 m²",,,1957,2141.0,,,,,,HSB Brf Eriksfält,2016.0,11.0,6.0
780000,Idaborgsgatan 57E,Lägenhet,"Ellstorp, Malmö kommun",2020-03-20,Johanna Meyer,https://www.hemnet.se/maklare/fastighetsbyran-malmo-169/johanna-meyer-16549,27857.0,745000,+35 000 kr (+5 %),Lägenhet,Bostadsrätt,1 rum,28 m²,Nej,"1 av 6, hiss finns",1940,1822.0,,,,,,,2020.0,3.0,20.0
1400000,Västra Varvsgatan 32D,Lägenhet,"Västra Hamnen, Malmö kommun",2023-06-15,Johan Dahlgren,https://www.hemnet.se/maklare/croisette-malmo-vastra-hamnen-12766/johan-dahlgren-465,51852.0,1545000,-145 000 kr (-9 %),Lägenhet,Bostadsrätt,1 rum,27 m²,Ja,"3 av 5, hiss finns",2021,2104.0,,,,,,,2023.0,6.0,15.0
1390000,Västra Rönneholmsvägen 64B,Lägenhet,"Slottsstaden, Malmö kommun",2018-01-12,Victor Jörgensen,https://www.hemnet.se/maklare/bo-laget-fastighetsformedling-716831/victor-jorgensen-9420,49643.0,1390000,0 kr (±0 %),Lägenhet,Bostadsrätt,1 rum,28 m²,,,1944,1915.0,3683.0,,,,,HSB Brf Tärningholm,2018.0,1.0,12.0
1350000,Möllevångsgatan 30A,Lägenhet,"Möllevången/Triangeln, Malmö kommun",2022-07-16,Eric Roberts,https://www.hemnet.se/maklare/skandiamaklarna-malmo-city-34259/eric-roberts-18069,47368.0,1395000,-45 000 kr (-3 %),Lägenhet,Bostadsrätt,1 rum,"28,5 m²",,"2 av 5, hiss finns",1968,2099.0,,,,,,,2022.0,7.0,16.0
1200000,Östra Kristinelundsvägen 9 B,Lägenhet,"Slottsstaden, Malmö kommun",2020-01-06,Malin Thelander,https://www.hemnet.se/maklare/erik-olsson-fastighetsformedling-435894/malin-thelander-6179,44444.0,1150000,+50 000 kr (+4 %),Lägenhet,Bostadsrätt,1 rum,27 m²,Nej,,1953,1755.0,2200.0,,,,,,2020.0,1.0,6.0
535000,Uddeholmsgatan 34A,Lägenhet,"Lönngården, Malmö kommun",2019-02-23,Lisa Ivarsson,https://www.hemnet.se/maklare/croisette-malmo-slottsstaden-1091/lisa-ivarsson-14256,19455.0,550000,-15 000 kr (-3 %),Lägenhet,Bostadsrätt,1 rum,"27,5 m²",,,1955,1961.0,,,,,,Riksbyggen Brf Pyramiden,2019.0,2.0,23.0
1395000,Regementsgatan 25A,Lägenhet,"Ribersborg, Malmö kommun",2021-08-10,Johan Bergengren,https://www.hemnet.se/maklare/erik-olsson-fastighetsformedling-720071/johan-bergengren-19069,55800.0,1395000,0 kr (±0 %),Lägenhet,Bostadsrätt,1 rum,25 m²,Ja,"1 av 5, hiss finns",1945,2149.0,3120.0,,,,,,2021.0,8.0,10.0
795000,Västmanlandsgatan 4A,Lägenhet,"Dalaplan, Malmö kommun",2021-04-30,Johan Dahlberg,https://www.hemnet.se/maklare/lansforsakringar-fastighetsformedling-malmo-39311/johan-dahlberg-12808,30577.0,795000,0 kr (±0 %),Lägenhet,Bostadsrätt,1 rum,26 m²,Nej,"1 av 3, hiss finns ej",1944,1576.0,2400.0,,,,,,2021.0,4.0,30.0
1100000,Eslövsgatan 1C,Lägenhet,"S:t Knut, Malmö kommun",2022-01-28,Victor Jörgensen,https://www.hemnet.se/maklare/bo-laget-fastighetsformedling-716831/victor-jorgensen-9420,35484.0,995000,+105 000 kr (+11 %),Lägenhet,Bostadsrätt,1 rum,31 m²,,,1939,3203.0,,,,,,,2022.0,1.0,28.0
620000,Dansörgatan 10,Lägenhet,"Lindeborg, Malmö kommun",2019-10-10,Ola G Lindskog,https://www.hemnet.se/maklare/bodirekt-298/ola-g-lindskog-416,21379.0,695000,-75 000 kr (-11 %),Lägenhet,Bostadsrätt,1 rum,29 m²,,,1972,1736.0,,,,,,,2019.0,10.0,10.0
760000,Vitemöllegatan 1C,Lägenhet,"Nobeltorget, Malmö kommun",2023-06-01,Jasmine von Stezelow,https://www.hemnet.se/maklare/skandiamaklarna-malmo-city-34259/jasmine-von-stezelow-13959,33043.0,750000,+10 000 kr (+1 %),Lägenhet,Bostadsrätt,1 rum,23 m²,Nej,"3 av 4, hiss finns",1944,2482.0,,,,,,,2023.0,6.0,1.0
1050000,Pilåkersvägen 4 A,Lägenhet,"Dammfri, Malmö kommun",2020-02-10,Jenny Eriksson,https://www.hemnet.se/maklare/fastighetsbyran-ystad-11646/jenny-eriksson-13740,42000.0,995000,+55 000 kr (+6 %),Lägenhet,Bostadsrätt,1 rum,25 m²,Nej,"3 av 4, hiss finns",1951,2064.0,1900.0,,,,,,2020.0,2.0,10.0
1500000,Simrishamnsgatan 3C,Lägenhet,"Möllevången, Malmö kommun",2022-03-31,Victor Jörgensen,https://www.hemnet.se/maklare/bo-laget-fastighetsformedling-716831/victor-jorgensen-9420,51724.0,1295000,+205 000 kr (+16 %),Lägenhet,Bostadsrätt,2 rum,29 m²,,3 av 4,1907,2285.0,,,,,,,2022.0,3.0,31.0
1295000,Köpenhamnsvägen 13 A,Lägenhet,"Slottsstaden, Malmö kommun",2022-06-14,Annika Jernberg,https://www.hemnet.se/maklare/fastighetsbyran-hollviken-170/annika-jernberg-18855,46250.0,1295000,0 kr (±0 %),Lägenhet,Bostadsrätt,1 rum,28 m²,Ja,"4 av 6, hiss finns",1953,2052.0,,,,,,,2022.0,6.0,14.0
920000,Östervärnsgatan 10A,Lägenhet,"Värnhem, Malmö kommun",2022-08-09,Max Nilsson,https://www.hemnet.se/maklare/croisette-malmo-slottsstaden-1091/max-nilsson-20779,43810.0,995000,-75 000 kr (-8 %),Lägenhet,Bostadsrätt,1 rum,21 m²,Nej,"1,5 av 5, hiss finns ej",1939,1578.0,,,,,,,2022.0,8.0,9.0
1350000,Neptunigatan 71,Lägenhet,"Varvsstaden, Malmö kommun",2023-08-08,Isabelle Ekstrand,https://www.hemnet.se/maklare/erik-olsson-fastighetsformedling-435894/isabelle-ekstrand-15061,58696.0,1450000,-100 000 kr (-7 %),Lägenhet,Bostadsrätt,1 rum,23 m²,Nej,"1 av 7, hiss finns",2023,2340.0,3192.0,,,Ja,,,2023.0,8.0,8.0
795000,Idaborgsgatan 57 D,Lägenhet,"Ellstorp, Malmö kommun",2017-07-13,Robert Salmi,https://www.hemnet.se/maklare/erik-olsson-fastighetsformedling-435894/robert-salmi-10774,30577.0,645000,+150 000 kr (+23 %),Lägenhet,Bostadsrätt,1 rum,26 m²,,,1940,1937.0,4060.0,,,,,HSB:s Bostadsrättsförening Vidar i Malmö,2017.0,7.0,13.0
750000,Blekingsborgsgatan 9,Lägenhet,"Blekingsborg, Malmö kommun",2019-10-11,Anders Nilsson,https://www.hemnet.se/maklare/bjurfors-malmo-city-1806/anders-nilsson-9587,25424.0,795000,-45 000 kr (-6 %),Lägenhet,Bostadsrätt,1 rum,"29,5 m²",,,1958,2363.0,,,,,,,2019.0,10.0,11.0
1375000,Mäster Henriksgatan 10A,Lägenhet,"S:t Knut, Malmö kommun",2022-05-03,Jasmine Andersson,https://www.hemnet.se/maklare/croisette-malmo-slottsstaden-1091/jasmine-andersson-17866,57292.0,1295000,+80 000 kr (+6 %),Lägenhet,Bostadsrätt,1 rum,24 m²,Nej,"3 av 4, hiss finns ej",1932,1312.0,,,,,,,2022.0,5.0,3.0
570000,Karlshamnsgatan 2,Lägenhet,"Karlskronaplan, Malmö kommun",2014-09-22,Jonna Nyberg,https://www.hemnet.se/maklare/croisette-vaxjo-714371/jonna-nyberg-1550,19655.0,595000,-25 000 kr (-4 %),Lägenhet,Bostadsrätt,1 rum,29 m²,,,1935,2463.0,3000.0,,,,,Brf Gnistan 1,2014.0,9.0,22.0
1250000,Roslins väg 1,Lägenhet,"Ribersborg, Malmö kommun",2017-06-15,Filip Ericsson,https://www.hemnet.se/maklare/bjurfors-malmo-vaster-12366/filip-ericsson-9481,46296.0,1095000,+155 000 kr (+14 %),Lägenhet,Bostadsrätt,1 rum,27 m²,,,1929,1744.0,,,,,,Brf Husaren 19,2017.0,6.0,15.0
