Slutpris,Title,Type,Location,Sale Date,Agent Name,Agent Link,Pris per kvadratmeter,Utgångspris,Prisutveckling,Bostadstyp,Upplåtelseform,Antal rum,Boarea,Balkong,Våning,Byggår,Avgift,Driftskostnad,Biarea,Tomtarea,Uteplats,Arrende,Förening
1 150 000 kr,Dammfrivägen 48B,Lägenhet,"Malmö, Malmö kommun",Såld 24 november 2021,Nathalie Borgernäs,https://www.hemnet.se/maklare/svensk-fastighetsformedling-malmo-701451/nathalie-borgernas-12201,41 071 kr/m²,1 045 000 kr,+105 000 kr (+10 %),Lägenhet,Bostadsrätt,"1,5 rum",28 m²,,"8 av 8, hiss finns",,1 474 kr/mån,3 480 kr/år,,,,,
745 000 kr,Uppsalagatan 11B,Lägenhet,"Dalaplan/Södervärn, Malmö kommun",Såld 08 augusti 2021,Henrik Karlsson,https://www.hemnet.se/maklare/mohv-hyllie-725851/henrik-karlsson-63,27 593 kr/m²,795 000 kr,-50 000 kr (-6 %),Lägenhet,Bostadsrätt,1 rum,27 m²,Nej,"1 av 4, hiss finns ej",1939,2 479 kr/mån,,,,,,
870 000 kr,Båstadsgatan 9,Lägenhet,"Östra Sorgenfri/Nobel, Malmö kommun",Såld 29 oktober 2019,Kenan Hasanoglu,https://www.hemnet.se/maklare/fastighetsbyran-malmo-169/kenan-hasanoglu-10334,28 525 kr/m²,795 000 kr,+75 000 kr (+9 %),Lägenhet,Bostadsrätt,1 rum,"30,5 m²",Nej,,,1 926 kr/mån,1 285 kr/år,,,,,
985 000 kr,Lorensborgsgatan 5A,Lägenhet,"Lorensborg, Malmö kommun",Såld 19 september 2018,Patrik Tegnhammar,https://www.hemnet.se/maklare/bjurfors-malmo-city-1806/patrik-tegnhammar-10542,39 400 kr/m²,945 000 kr,+40 000 kr (+4 %),Lägenhet,Bostadsrätt,1 rum,25 m²,,,1958,1 344 kr/mån,,,,,,Brf Åsunden
1 400 000 kr,Södra Förstadsgatan 3 C,Lägenhet,"Davidshall, Malmö kommun",Såld 26 september 2017,Therese Franzén,https://www.hemnet.se/maklare/erik-olsson-fastighetsformedling-732631/therese-franzen-10143,58 333 kr/m²,1 495 000 kr,-95 000 kr (-6 %),Lägenhet,Bostadsrätt,1 rum,24 m²,,,1927,1 742 kr/mån,1 800 kr/år,,,,,Brf Tigern 11
1 210 000 kr,Annebergsgatan 12 B,Lägenhet,"Borgmästaregården / Pildammarna, Malmö kommun",Såld 30 juni 2017,Fatima Friberg,https://www.hemnet.se/maklare/bohem-40591/fatima-friberg-10507,40 333 kr/m²,1 195 000 kr,+15 000 kr (+1 %),Lägenhet,Bostadsrätt,1 rum,30 m²,,,1964-1965,1 921 kr/mån,,,,,,
1 375 000 kr,Ingelstadsgatan 4,Lägenhet,"Slottsstaden/Ribersborg, Malmö kommun",Såld 08 februari 2023,Gustav Cagmo,https://www.hemnet.se/maklare/bjurfors-malmo-oster-2048/gustav-cagmo-8076,51 306 kr/m²,1 350 000 kr,+25 000 kr (+2 %),Lägenhet,Bostadsrätt,1 rum,"26,8 m²",Nej,"2 av 3, hiss finns ej",1945,2 761 kr/mån,,,,,,
1 060 000 kr,Drottninggatan 6B,Lägenhet,"Rörsjöstaden, Malmö kommun",Såld 05 maj 2021,Nina  Hjelm,https://www.hemnet.se/maklare/fastighetsbyran-malmo-169/nina-hjelm-15172,36 552 kr/m²,995 000 kr,+65 000 kr (+7 %),Lägenhet,Bostadsrätt,1 rum,29 m²,,"5, hiss finns",,2 149 kr/mån,5 435 kr/år,,,,,
1 200 000 kr,Nordlinds väg 94C,Lägenhet,"Slottsstaden, Malmö kommun",Såld 25 oktober 2018,Johan Dahlgren,https://www.hemnet.se/maklare/croisette-malmo-vastra-hamnen-12766/johan-dahlgren-465,40 000 kr/m²,1 195 000 kr,+5 000 kr (±0 %),Lägenhet,Bostadsrätt,1 rum,30 m²,,,1953,1 665 kr/mån,,,,,,HSB Brf Gamban
775 000 kr,Annebergsgatan 12b,Lägenhet,"Borgmästaregården, Malmö kommun",Såld 26 mars 2015,Henrik Karlsson,https://www.hemnet.se/maklare/mohv-hyllie-725851/henrik-karlsson-63,25 833 kr/m²,750 000 kr,+25 000 kr (+3 %),Lägenhet,Bostadsrätt,1 rum,30 m²,,,1965,1 925 kr/mån,2 860 kr/år,,,,,HSB Brf Lagmannen
1 120 000 kr,Typografgatan,Lägenhet,"Möllevången, Malmö kommun",Såld 21 september 2018,Martin Arup,https://www.hemnet.se/maklare/erik-olsson-fastighetsformedling-720071/martin-arup-6181,38 621 kr/m²,1 150 000 kr,-30 000 kr (-3 %),Lägenhet,Bostadsrätt,1 rum,29 m²,,,2017,2 086 kr/mån,4 632 kr/år,,,,,Brf Friisgatan Typografen
350 000 kr,Mariedalsvägen 55 A,Övrig,"Dammfri, Malmö kommun",Såld 20 december 2022,Jessica Johansson,https://www.hemnet.se/maklare/fastighetsbyran-malmo-169/jessica-johansson-9359,,375 000 kr,-25 000 kr (-7 %),Övrig,Bostadsrätt,1 rum,31 m²,,,,1 878 kr/mån,,,,,,
695 000 kr,Per albin hanssons väg 56A,Lägenhet,"Blekingsborg, Malmö kommun",Såld 02 mars 2021,Henrik Karlsson,https://www.hemnet.se/maklare/mohv-hyllie-725851/henrik-karlsson-63,29 574 kr/m²,695 000 kr,0 kr (±0 %),Lägenhet,Bostadsrätt,1 rum,"23,5 m²",Ja,"9 av 10, hiss finns",1957,2 433 kr/mån,,,,,,
1 397 000 kr,Erikstorpsgatan 10 A,Lägenhet,"Ribersborg, Malmö kommun",Såld 02 oktober 2019,Jenny Eriksson,https://www.hemnet.se/maklare/fastighetsbyran-ystad-11646/jenny-eriksson-13740,51 172 kr/m²,1 195 000 kr,+202 000 kr (+17 %),Lägenhet,Bostadsrätt,"1,5 rum","27,3 m²",,,1954,1 254 kr/mån,,,,,,
1 095 000 kr,Skvadronsgatan 20,Lägenhet,"Slottsstaden, Malmö kommun",Såld 24 september 2020,Michaela Thulin,https://www.hemnet.se/maklare/croisette-hollviken-63091/michaela-thulin-1556,47 609 kr/m²,1 095 000 kr,0 kr (±0 %),Lägenhet,Bostadsrätt,1 rum,23 m²,Nej,"1 av 4, hiss finns ej",1944,1 741 kr/mån,,,,,,
1 100 000 kr,Ernst ahlgrensgatan 4A,Lägenhet,"Ribersborg, Malmö kommun",Såld 04 januari 2017,Gustav Cagmo,https://www.hemnet.se/maklare/bjurfors-malmo-oster-2048/gustav-cagmo-8076,45 833 kr/m²,995 000 kr,+105 000 kr (+11 %),Lägenhet,Bostadsrätt,1 rum,24 m²,,,1953,1 486 kr/mån,,,,,,Brf Stjärnehus
820 000 kr,Per Albin Hanssons Väg 52B,Lägenhet,"Blekingsborg, Malmö kommun",Såld 15 mars 2021,Tobias Broqvist,https://www.hemnet.se/maklare/lansforsakringar-fastighetsformedling-malmo-39311/tobias-broqvist-15356,34 894 kr/m²,795 000 kr,+25 000 kr (+3 %),Lägenhet,Bostadsrätt,1 rum,"23,5 m²",Ja,"10 av 11, hiss finns",1956,2 211 kr/mån,,,,,,
475 000 kr,Pomonagången 261,Fritidsboende,"Ärtholmen, Malmö kommun",Såld 08 mars 2019,Marcus Zetterberg,https://www.hemnet.se/maklare/zetterberg-blomberg-fastighetsformedling-33587/marcus-zetterberg-9077,,530 000 kr,-55 000 kr (-10 %),Fritidsboende,Äganderätt,2 rum,28 m²,,,1960-tal,,3 800 kr/år,16 m²,300 m²,,,
730 000 kr,Ellstorpsgatan 1A,Lägenhet,"Ellstorp, Malmö kommun",Såld 27 oktober 2019,Therese Lagerfelt,https://www.hemnet.se/maklare/fastighetsbyran-malmo-169/therese-lagerfelt-15913,25 524 kr/m²,695 000 kr,+35 000 kr (+5 %),Lägenhet,Bostadsrätt,1 rum,"28,6 m²",,,1939,1 828 kr/mån,,,,,,
760 000 kr,Amiralsgatan 96B,Lägenhet,"Nobeltorget, Malmö kommun",Såld 17 augusti 2018,Patrik Tegnhammar,https://www.hemnet.se/maklare/bjurfors-malmo-city-1806/patrik-tegnhammar-10542,28 148 kr/m²,695 000 kr,+65 000 kr (+9 %),Lägenhet,Bostadsrätt,"1,5 rum",27 m²,,,1956,1 481 kr/mån,,,,,,HSB Brf Manligheten
1 595 000 kr,Per Wickenbergsgatan 3,Lägenhet,"Ribersborg, Malmö kommun",Såld 10 oktober 2022,Leila Manouchehrian Nilsson,https://www.hemnet.se/maklare/svenska-maklarhuset-malmo-city-730411/leila-manouchehrian-nilsson-20372,59 074 kr/m²,1 595 000 kr,0 kr (±0 %),Lägenhet,Bostadsrätt,"1,5 rum",27 m²,Nej,"5 av 5, hiss finns ej",2022,1 316 kr/mån,,"6,5 m²",,,,
1 340 000 kr,Typografgatan 4 A,Lägenhet,"Möllevången, Malmö kommun",Såld 09 oktober 2022,Mathilda Jingnäs,https://www.hemnet.se/maklare/fastighetsbyran-malmo-169/mathilda-jingnas-19673,46 207 kr/m²,1 450 000 kr,-110 000 kr (-8 %),Lägenhet,Bostadsrätt,1 rum,29 m²,Ja,"3 av 10, hiss finns",2019,2 086 kr/mån,4 098 kr/år,,,,,
1 230 000 kr,Hyllie Boulevard 6B,Lägenhet,"Hyllie, Malmö kommun",Såld 06 oktober 2022,Sharon Ma,https://www.hemnet.se/maklare/croisette-hyllie-708891/sharon-ma-18405,42 414 kr/m²,1 375 000 kr,-145 000 kr (-11 %),Lägenhet,Bostadsrätt,1 rum,29 m²,Ja,"4 av 7, hiss finns",2022,2 034 kr/mån,,,,,,
710 000 kr,Uddeholmsgatan 34A,Lägenhet,"Lönngården, Malmö kommun",Såld 24 juli 2023,Arian Askari,https://www.hemnet.se/maklare/bjurfors-malmo-oster-2048/arian-askari-23357,25 818 kr/m²,745 000 kr,-35 000 kr (-5 %),Lägenhet,Bostadsrätt,"1,5 rum","27,5 m²",Nej,"2 av 4, hiss finns ej",1953,2 332 kr/mån,,,,,,
1 195 000 kr,Bobergsängen 6A,Lägenhet,"Dammfri, Malmö kommun",Såld 15 oktober 2020,Johan Dahlgren,https://www.hemnet.se/maklare/croisette-malmo-vastra-hamnen-12766/johan-dahlgren-465,45 785 kr/m²,1 295 000 kr,-100 000 kr (-8 %),Lägenhet,Bostadsrätt,1 rum,"26,1 m²",Ja,"1 av 3, hiss finns ej",1948,2 050 kr/mån,,,,,,
910 000 kr,Båstadsgatan 9,Lägenhet,"Östra Sorgenfri, Malmö kommun",Såld 19 augusti 2023,Kenan Hasanoglu,https://www.hemnet.se/maklare/fastighetsbyran-malmo-169/kenan-hasanoglu-10334,29 836 kr/m²,975 000 kr,-65 000 kr (-7 %),Lägenhet,Bostadsrätt,1 rum,"30,5 m²",,"6 av 6, hiss finns",,2 176 kr/mån,2 300 kr/år,,,,,
990 000 kr,Nobelvägen 93 B,Lägenhet,"Nobel, Malmö kommun",Såld 06 juni 2017,Majlinda Halimi Hugosson,https://www.hemnet.se/maklare/erik-olsson-fastighetsformedling-435894/majlinda-halimi-hugosson-12128,32 459 kr/m²,795 000 kr,+195 000 kr (+25 %),Lägenhet,Bostadsrätt,1 rum,"30,5 m²",,,1936,1 141 kr/mån,2 400 kr/år,,,,,Brf Friden
1 325 000 kr,Föreningsgatan 70,Lägenhet,"Rörsjöstaden, Malmö kommun",Såld 23 februari 2021,Emma Nilsson,https://www.hemnet.se/maklare/erik-olsson-fastighetsformedling-435894/emma-nilsson-12617,42 742 kr/m²,1 295 000 kr,+30 000 kr (+2 %),Lägenhet,Bostadsrätt,1 rum,31 m²,Nej,"5 av 5, hiss finns",1935,2 084 kr/mån,3 620 kr/år,,,,,
1 600 000 kr,Västra Varvsgatan 16G,Lägenhet,"Västra Hamnen, Malmö kommun",Såld 18 november 2020,Edvin Karajkovic,https://www.hemnet.se/maklare/croisette-malmo-vastra-hamnen-12766/edvin-karajkovic-10415,61 538 kr/m²,1 595 000 kr,+5 000 kr (±0 %),Lägenhet,Bostadsrätt,1 rum,26 m²,Ja,"2 av 4, hiss finns",2013,1 606 kr/mån,,,,,,
1 400 000 kr,Västra Rönneholmsvägen 64A,Lägenhet,"Slottsstaden, Malmö kommun",Såld 24 maj 2018,Victor Jörgensen,https://www.hemnet.se/maklare/bo-laget-fastighetsformedling-716831/victor-jorgensen-9420,51 852 kr/m²,1 390 000 kr,+10 000 kr (+1 %),Lägenhet,Bostadsrätt,1 rum,27 m²,,,1944,1 823 kr/mån,3 683 kr/år,,,,,HSB Brf Tärningholm
1 280 000 kr,Möllevångsgatan 30A,Lägenhet,"Möllevången/Triangeln, Malmö kommun",Såld 15 juli 2022,Ludvig Andersson,https://www.hemnet.se/maklare/skandiamaklarna-malmo-vaster-oster-718231/ludvig-andersson-7262,45 714 kr/m²,1 195 000 kr,+85 000 kr (+7 %),Lägenhet,Bostadsrätt,1 rum,28 m²,,"3 av 5, hiss finns",1968,2 063 kr/mån,,,,,,
890 000 kr,Glasbruksgatan 2 A,Lägenhet,"Gamla Limhamn, Malmö kommun",Såld 17 juni 2016,[email protected],"https://www.hemnet.se/maklare/hemverket-ab-36511/info-hemverket,se-144",28 710 kr/m²,750 000 kr,+140 000 kr (+19 %),Lägenhet,Bostadsrätt,1 rum,31 m²,,,,2 444 kr/mån,,,,,,RBF Glasbruksgatan i Limhamn
840 000 kr,Sufflörgatan 11,Lägenhet,"Lindeborg, Malmö kommun",Såld 19 juni 2020,Labinot Krasniqi,https://www.hemnet.se/maklare/erik-olsson-fastighetsformedling-435894/labinot-krasniqi-8114,31 111 kr/m²,845 000 kr,-5 000 kr (-1 %),Lägenhet,Bostadsrätt,1 rum,27 m²,Ja,,1972,1 658 kr/mån,3 620 kr/år,,,,,
760 000 kr,Per albin hanssons väg 52A,Lägenhet,"Blekingsborg, Malmö kommun",Såld 28 september 2018,Elin Bengtsson,https://www.hemnet.se/maklare/erik-olsson-fastighetsformedling-435894/elin-bengtsson-12284,32 340 kr/m²,600 000 kr,+160 000 kr (+27 %),Lägenhet,Bostadsrätt,1 rum,"23,5 m²",,,1957,2 141 kr/mån,3 480 kr/år,,,,,HSB:s Brf Eriksfält i Malmö
850 000 kr,Vendelsfridsgatan 6A,Lägenhet,"Lorensborg, Malmö kommun",Såld 29 januari 2020,Irma Lidén,https://www.hemnet.se/maklare/mohv-malmo-20887/irma-liden-16164,31 481 kr/m²,850 000 kr,0 kr (±0 %),Lägenhet,Bostadsrätt,1 rum,27 m²,Ja,,1959,1 908 kr/mån,,,,,,
850 000 kr,Föreningsgatan 70,Lägenhet,"Värnhem, Malmö kommun",Såld 22 januari 2016,Michaela Thulin,https://www.hemnet.se/maklare/croisette-hollviken-63091/michaela-thulin-1556,31 481 kr/m²,795 000 kr,+55 000 kr (+7 %),Lägenhet,Bostadsrätt,1 rum,27 m²,,,1935,1 663 kr/mån,5 000 kr/år,,,,,Brf Granen 10-11
1 180 000 kr,Kronborgsvägen 18A,Lägenhet,"Pildammarna, Malmö kommun",Såld 18 juli 2023,Rasmus Eriksson,https://www.hemnet.se/maklare/croisette-malmo-slottsstaden-1091/rasmus-eriksson-19260,43 704 kr/m²,1 245 000 kr,-65 000 kr (-5 %),Lägenhet,Bostadsrätt,1 rum,27 m²,Nej,"4 av 4, hiss finns",1946,2 953 kr/mån,,,,,,
550 000 kr,Ormvråksgatan 42,Lägenhet,"Söderkulla, Malmö kommun",Såld 15 oktober 2019,Patrik Tegnhammar,https://www.hemnet.se/maklare/bjurfors-malmo-city-1806/patrik-tegnhammar-10542,21 154 kr/m²,550 000 kr,0 kr (±0 %),Lägenhet,Bostadsrätt,1 rum,26 m²,,,1967,1 303 kr/mån,,,,,,
1 250 000 kr,Kilian Zollsgatan 9B,Lägenhet,"Ribersborg, Malmö kommun",Såld 06 mars 2020,Johan Dahlgren,https://www.hemnet.se/maklare/croisette-malmo-vastra-hamnen-12766/johan-dahlgren-465,44 643 kr/m²,1 250 000 kr,0 kr (±0 %),Lägenhet,Bostadsrätt,1 rum,28 m²,Ja,,1945,1 857 kr/mån,,,,,,
875 000 kr,Celsiusgatan 13 A,Lägenhet,"Rörsjöstaden, Malmö kommun",Såld 12 augusti 2018,Ericka Nguyen,https://www.hemnet.se/maklare/fastighetsbyran-malmo-169/ericka-nguyen-8936,35 714 kr/m²,795 000 kr,+80 000 kr (+10 %),Lägenhet,Bostadsrätt,1 rum,"24,5 m²",,,1947/1948,1 786 kr/mån,,,,,,HSB Brf Eken
450 000 kr,Duväpplegången Nr 442,Fritidsboende,"Ärtholmen, Malmö kommun",Såld 20 augusti 2017,David Blomberg,https://www.hemnet.se/maklare/zetterberg-blomberg-fastighetsformedling-33587/david-blomberg-217,,450 000 kr,0 kr (±0 %),Fritidsboende,Äganderätt,1 rum,22 m²,,,50-tal,,3 600 kr/år,14 m²,290 m²,,,
830 000 kr,Vitemöllegatan 4C,Lägenhet,"Nobeltorget/Annelund, Malmö kommun",Såld 09 februari 2022,Sandra Lindh,https://www.hemnet.se/maklare/husmanhagberg-malmo-4545/sandra-lindh-17715,36 087 kr/m²,695 000 kr,+135 000 kr (+19 %),Lägenhet,Bostadsrätt,1 rum,23 m²,Nej,"2 av 4, hiss finns ej",1944,2 168 kr/mån,,,,,,
640 000 kr,Duväpplegången 451,Fritidshus,"Ärtholmens sommarstad, Malmö kommun",Såld 22 september 2021,Lennart Andén,https://www.hemnet.se/maklare/kolonimaklarna-725411/lennart-anden-17714,,425 000 kr,+215 000 kr (+51 %),Fritidshus,Annat,2 rum,30 m²,,,1940,,5 000 kr/år,5 m²,370 m²,,5 861 kr/år,
1 130 000 kr,Erikslustvägen 36H,Lägenhet,"Erikslust, Malmö kommun",Såld 13 april 2023,Rama Bernin,https://www.hemnet.se/maklare/croisette-malmo-vastra-hamnen-12766/rama-bernin-21858,41 852 kr/m²,1 195 000 kr,-65 000 kr (-5 %),Lägenhet,Bostadsrätt,1 rum,27 m²,Nej,"2 av 3, hiss finns ej",1953,2 064 kr/mån,,,,,,
395 000 kr,Sandbackegatan 7 C,Lägenhet,"Kirseberg, Malmö kommun",Såld 06 mars 2016,Elaine Mürgas,https://www.hemnet.se/maklare/fastighetsbyran-malmo-169/elaine-murgas-11453,16 122 kr/m²,395 000 kr,0 kr (±0 %),Lägenhet,Bostadsrätt,,"24,5 m²",,,1952,2 079 kr/mån,4 500 kr/år,,,,,HSB Brf Huggaren
1 550 000 kr,Carlsgatan 7F,Lägenhet,"Inre Hamnen, Malmö kommun",Såld 27 september 2019,Patrik Tegnhammar,https://www.hemnet.se/maklare/bjurfors-malmo-city-1806/patrik-tegnhammar-10542,53 448 kr/m²,1 595 000 kr,-45 000 kr (-3 %),Lägenhet,Bostadsrätt,"1,5 rum",29 m²,,,2019,1 871 kr/mån,,,,,,
795 000 kr,Sölvesborgsgatan 3C,Lägenhet,"Folkets Park, Malmö kommun",Såld 25 oktober 2018,Lisa Ivarsson,https://www.hemnet.se/maklare/croisette-malmo-slottsstaden-1091/lisa-ivarsson-14256,33 125 kr/m²,795 000 kr,0 kr (±0 %),Lägenhet,Bostadsrätt,1 rum,24 m²,,,1939,2 207 kr/mån,,,,,,HSB Brf Sölve
1 120 000 kr,Vårgatan 3A,Lägenhet,"Värnhem, Malmö kommun",Såld 31 juli 2021,Gustav Cagmo,https://www.hemnet.se/maklare/bjurfors-malmo-oster-2048/gustav-cagmo-8076,44 800 kr/m²,950 000 kr,+170 000 kr (+18 %),Lägenhet,Bostadsrätt,1 rum,25 m²,Nej,"4 av 4, hiss finns ej",1936,1 799 kr/mån,,,,,,
995 000 kr,Per Albin Hanssons väg 50A,Lägenhet,"Mobilia, Malmö kommun",Såld 01 juli 2022,Fanny Pålsson,https://www.hemnet.se/maklare/skandiamaklarna-malmo-vaster-oster-718231/fanny-palsson-17682,42 340 kr/m²,995 000 kr,0 kr (±0 %),Lägenhet,Bostadsrätt,1 rum,"23,5 m²",Ja,"6, hiss finns",,2 118 kr/mån,,,,,,
945 000 kr,Ängelholmsgatan 5,Lägenhet,"Möllevången, Malmö kommun",Såld 08 november 2018,Maja Ristic,https://www.hemnet.se/maklare/erik-olsson-fastighetsformedling-720071/maja-ristic-14042,30 484 kr/m²,995 000 kr,-50 000 kr (-5 %),Lägenhet,Bostadsrätt,1 rum,31 m²,,,1904,2 066 kr/mån,3 680 kr/år,,,,,Brf Fanan 3
1 700 000 kr,Neptunigatan 71,Lägenhet,"Varvsstaden, Malmö kommun",Såld 15 februari 2023,Felicia Johansson,https://www.hemnet.se/maklare/croisette-malmo-vastra-hamnen-12766/felicia-johansson-20780,56 667 kr/m²,1 795 000 kr,-95 000 kr (-5 %),Lägenhet,Bostadsrätt,2 rum,30 m²,Ja,"3 av 7, hiss finns",2023,3 027 kr/mån,,,,,,
550 000 kr,Solvändegatan 1A,Lägenhet,"Almhög, Malmö kommun",Såld 13 november 2020,Artemiz Eskafi,https://www.hemnet.se/maklare/fastighetsbyran-malmo-169/artemiz-eskafi-17058,25 581 kr/m²,550 000 kr,0 kr (±0 %),Lägenhet,Bostadsrätt,1 rum,"21,5 m²",,"1 av 4, hiss finns ej",1959,1 615 kr/mån,,,,,,
1 195 000 kr,Roskildevägen 11C,Lägenhet,"Pildammarna, Malmö kommun",Såld 07 september 2020,Anna Ahlström,https://www.hemnet.se/maklare/croisette-lund-21227/anna-ahlstrom-2198,44 259 kr/m²,1 280 000 kr,-85 000 kr (-7 %),Lägenhet,Bostadsrätt,1 rum,27 m²,Nej,"5 av 5, hiss finns",1948,1 983 kr/mån,,,,,,
900 000 kr,Kilian Zollsgatan 31C,Lägenhet,"Ribersborg, Malmö kommun",Såld 06 maj 2016,Dennis Berg,https://www.hemnet.se/maklare/bjurfors-jonkoping-711611/dennis-berg-10675,34 615 kr/m²,795 000 kr,+105 000 kr (+13 %),Lägenhet,Bostadsrätt,1 rum,26 m²,,,1945,1 590 kr/mån,,,,,,Brf Krageholm
845 000 kr,Vendelsfridsgatan 6A,Lägenhet,"Lorensborg, Malmö kommun",Såld 27 mars 2019,Per Lundqvist,https://www.hemnet.se/maklare/fastighetsmaklare-per-fredrik-lundqvist-713231/per-lundqvist-7267,31 296 kr/m²,895 000 kr,-50 000 kr (-6 %),Lägenhet,Bostadsrätt,1 rum,27 m²,,,1959,1 711 kr/mån,1 320 kr/år,,,,,
925 000 kr,Västra bernadottesgatan 23A,Lägenhet,"Limhamn, Malmö kommun",Såld 01 december 2016,Anna Helsing,https://www.hemnet.se/maklare/bjurfors-nyproduktion-skane-ab-733751/anna-helsing-5151,31 897 kr/m²,925 000 kr,0 kr (±0 %),Lägenhet,Bostadsrätt,1 rum,29 m²,,,1955,1 731 kr/mån,,,,,,Riksbyggens Brf Malmöhus nr 8
825 000 kr,Sandbackegatan 7C,Lägenhet,"Kirseberg, Malmö kommun",Såld 03 juni 2021,Filip Ericsson,https://www.hemnet.se/maklare/bjurfors-malmo-vaster-12366/filip-ericsson-9481,33 673 kr/m²,750 000 kr,+75 000 kr (+10 %),Lägenhet,Bostadsrätt,1 rum,"24,5 m²",Nej,"2 av 3, hiss finns ej",1946,2 142 kr/mån,,,,,,
1 495 000 kr,Mariedalsvägen 21,,,,Hugo Wendel,https://www.hemnet.se/maklare/bo-laget-fastighetsformedling-716831/hugo-wendel-17538,53 393 kr/m²,1 495 000 kr,0 kr (±0 %),Lägenhet,Bostadsrätt,"1,5 rum",28 m²,Nej,"1 av 4, hiss finns ej",1927,1 755 kr/mån,,,,,,
510 000 kr,Jasmingången 134,Fritidshus,"Kölnan, Malmö kommun",Såld 07 juli 2020,David Blomberg,https://www.hemnet.se/maklare/zetterberg-blomberg-fastighetsformedling-33587/david-blomberg-217,,540 000 kr,-30 000 kr (-6 %),Fritidshus,Annat,2 rum,28 m²,,,1930,,10 600 kr/år,25 m²,360 m²,,,
995 000 kr,Ehrensvärdsgatan 5,Lägenhet,"Rörsjöstaden, Malmö kommun",Såld 27 mars 2019,Malin Wallin,https://www.hemnet.se/maklare/fastighetsbyran-malmo-169/malin-wallin-13595,35 536 kr/m²,995 000 kr,0 kr (±0 %),Lägenhet,Bostadsrätt,1 rum,28 m²,,,1935,2 324 kr/mån,3 900 kr/år,,,,,Brf Malmgården
1 020 000 kr,Birger Jarlsgatan 41C,Lägenhet,"Limhamn, Malmö kommun",Såld 01 augusti 2020,Nina Berglund,https://www.hemnet.se/maklare/croisette-malmo-vastra-hamnen-12766/nina-berglund-11677,37 500 kr/m²,995 000 kr,+25 000 kr (+3 %),Lägenhet,Bostadsrätt,1 rum,"27,2 m²",Ja,,1961,1 536 kr/mån,,,,,,
1 075 000 kr,Rådmansgatan 15A,Lägenhet,"Triangeln, Malmö kommun",Såld 11 augusti 2021,Maxime Melkie,https://www.hemnet.se/maklare/fastighetsbyran-malmo-169/maxime-melkie-8937,51 190 kr/m²,1 095 000 kr,-20 000 kr (-2 %),Lägenhet,Bostadsrätt,1 rum,21 m²,,"1,5, hiss finns ej",1945,1 986 kr/mån,,,,,,
1 300 000 kr,Västra Bernadottesgatan 25 A,Lägenhet,"Limhamn, Malmö kommun",Såld 02 maj 2019,Josefin Norelius,https://www.hemnet.se/maklare/erik-olsson-fastighetsformedling-726771/josefin-norelius-187,43 333 kr/m²,995 000 kr,+305 000 kr (+31 %),Lägenhet,Bostadsrätt,1 rum,30 m²,,,1956,1 571 kr/mån,5 373 kr/år,,,,,
1 135 000 kr,Falsterbogatan 22A,Lägenhet,"Folkets Park, Malmö kommun",Såld 11 februari 2021,Lisa Ivarsson,https://www.hemnet.se/maklare/croisette-malmo-slottsstaden-1091/lisa-ivarsson-14256,39 138 kr/m²,1 150 000 kr,-15 000 kr (-1 %),Lägenhet,Bostadsrätt,2 rum,29 m²,Nej,"5 av 5, hiss finns ej",1939,2 061 kr/mån,,,,,,
495 000 kr,Gullregnsgatan 2 A,Lägenhet,"Hindby / Västra Kattarp, Malmö kommun",Såld 31 maj 2019,Louise Nilsson,https://www.hemnet.se/maklare/maklarhuset-trelleborg-22728/louise-nilsson-15144,19 800 kr/m²,495 000 kr,0 kr (±0 %),Lägenhet,Bostadsrätt,1 rum,25 m²,,,1956,1 721 kr/mån,,,,,,
1 000 000 kr,Ehrensvärdsgatan 5,Lägenhet,"Rörsjöstaden, Malmö kommun",Såld 29 mars 2022,Nina  Hjelm,https://www.hemnet.se/maklare/fastighetsbyran-malmo-169/nina-hjelm-15172,34 483 kr/m²,895 000 kr,+105 000 kr (+12 %),Lägenhet,Bostadsrätt,1 rum,29 m²,,"4, hiss finns",,2 149 kr/mån,,,,,,
725 000 kr,Per albin hanssons väg 52B,Lägenhet,"Blekingsborg, Malmö kommun",Såld 19 juli 2022,Henrik Feuk,https://www.hemnet.se/maklare/husmanhagberg-malmo-4545/henrik-feuk-19708,30 851 kr/m²,695 000 kr,+30 000 kr (+4 %),Lägenhet,Bostadsrätt,1 rum,"23,5 m²",Ja,"5 av 11, hiss finns",1957,2 181 kr/mån,,,,,,
695 000 kr,Baskemöllegatan 3 B,Lägenhet,"Sorgenfri, Malmö kommun",Såld 15 mars 2017,Mathias Johansson,https://www.hemnet.se/maklare/husmanhagberg-malmo-4545/mathias-johansson-12238,25 741 kr/m²,695 000 kr,0 kr (±0 %),Lägenhet,Bostadsrätt,1 rum,27 m²,,,1946,1 323 kr/mån,840 kr/år,,,,,Brf Storbragden
1 006 000 kr,Vendelsfridsgatan 6B,Lägenhet,"Lorensborg, Malmö kommun",Såld 03 juli 2019,Anders Backman,https://www.hemnet.se/maklare/croisette-malmo-slottsstaden-1091/anders-backman-15211,37 259 kr/m²,795 000 kr,+211 000 kr (+27 %),Lägenhet,Bostadsrätt,1 rum,27 m²,,,1959,1 885 kr/mån,,,,,,
310 000 kr,Vitlantgången 44 kolonistuga 44,Fritidshus,"Valdemarsro, Malmö kommun",Såld 26 maj 2023,Lidija Jakob,https://www.hemnet.se/maklare/croisette-malmo-slottsstaden-1091/lidija-jakob-20520,,345 000 kr,-35 000 kr (-10 %),Fritidshus,Annat,2 rum,26 m²,,,,,,18 m²,259 m²,,,
855 000 kr,Kungsgatan 27B,Lägenhet,"Värnhem, Malmö kommun",Såld 30 juni 2019,Anders Nilsson,https://www.hemnet.se/maklare/bjurfors-malmo-city-1806/anders-nilsson-9587,31 667 kr/m²,895 000 kr,-40 000 kr (-4 %),Lägenhet,Bostadsrätt,1 rum,27 m²,,,,2 244 kr/mån,,,,,,
1 250 000 kr,Kungsgatan 27B,Lägenhet,"Rörsjöstaden, Malmö kommun",Såld 03 juni 2022,Sara Persson,https://www.hemnet.se/maklare/bjurfors-malmo-city-1806/sara-persson-8993,46 296 kr/m²,1 250 000 kr,0 kr (±0 %),Lägenhet,Bostadsrätt,1 rum,27 m²,Nej,"4 av 6, hiss finns",1935,2 025 kr/mån,,,,,,
735 000 kr,Filippagången 350,Fritidshus,"Ärtholmens sommarstad, Malmö kommun",Såld 26 augusti 2020,Lennart Andén,https://www.hemnet.se/maklare/kolonimaklarna-725411/lennart-anden-17714,,575 000 kr,+160 000 kr (+28 %),Fritidshus,Annat,1 rum,28 m²,,,,,5 200 kr/år,12 m²,300 m²,Ja,5 900 kr/år,
295 000 kr,Sallerupsvägen 32G,Lägenhet,"Ellstorp, Malmö kommun",Såld 24 januari 2023,Rama Bernin,https://www.hemnet.se/maklare/croisette-malmo-vastra-hamnen-12766/rama-bernin-21858,12 826 kr/m²,295 000 kr,0 kr (±0 %),Lägenhet,Bostadsrätt,1 rum,23 m²,Nej,"1 av 4, hiss finns ej",1942,3 861 kr/mån,,,,,,
695 000 kr,Bragegatan 9,Lägenhet,"Dalaplan, Malmö kommun",Såld 01 september 2021,Sara Persson,https://www.hemnet.se/maklare/bjurfors-malmo-city-1806/sara-persson-8993,28 958 kr/m²,695 000 kr,0 kr (±0 %),Lägenhet,Bostadsrätt,1 rum,24 m²,Nej,"1 av 4, hiss finns ej",1945,2 325 kr/mån,,,,,,
670 000 kr,Vitemöllegatan 10C,Lägenhet,"Nobeltorget, Malmö kommun",Såld 14 juni 2018,Patrik Tegnhammar,https://www.hemnet.se/maklare/bjurfors-malmo-city-1806/patrik-tegnhammar-10542,27 917 kr/m²,685 000 kr,-15 000 kr (-2 %),Lägenhet,Bostadsrätt,1 rum,24 m²,,,1945-1946,1 923 kr/mån,,,,,,HSB Brf Friheten
1 280 000 kr,Västra Kristinelundsvägen 33B,Lägenhet,"Slottsstaden, Malmö kommun",Såld 17 april 2020,Anders Nilsson,https://www.hemnet.se/maklare/bjurfors-malmo-city-1806/anders-nilsson-9587,42 105 kr/m²,1 345 000 kr,-65 000 kr (-5 %),Lägenhet,Bostadsrätt,1 rum,"30,4 m²",Nej,,1948,2 128 kr/mån,,,,,,
1 055 000 kr,Hässleholmsgatan 6,Lägenhet,"Nobeltorget, Malmö kommun",Såld 13 oktober 2022,Agneta Chong,https://www.hemnet.se/maklare/erik-olsson-fastighetsformedling-435894/agneta-chong-9177,42 200 kr/m²,1 045 000 kr,+10 000 kr (+1 %),Lägenhet,Bostadsrätt,1 rum,25 m²,Ja,"4 av 4, hiss finns ej",1936,1 896 kr/mån,5 280 kr/år,,,,,
682 500 kr,Viktoriagången 398,Fritidshus,"Ärtholmen, Malmö kommun",Såld 15 augusti 2021,Lars Ridell,https://www.hemnet.se/maklare/egema-fastighetsformedling-488/lars-ridell-2151,,745 000 kr,-62 500 kr (-8 %),Fritidshus,Annat,1 rum,20 m²,,,1930,,3 500 kr/år,8 m²,345 m²,,5 447 kr/år,
1 095 000 kr,Kilian Zollsgatan 9 B,Lägenhet,"Ribersborg, Malmö kommun",Såld 07 oktober 2016,Martin Arup,https://www.hemnet.se/maklare/erik-olsson-fastighetsformedling-720071/martin-arup-6181,39 107 kr/m²,995 000 kr,+100 000 kr (+10 %),Lägenhet,Bostadsrätt,1 rum,28 m²,,,1945,2 116 kr/mån,2 850 kr/år,,,,,Brf Kilian 9
1 150 000 kr,Drottninggatan 6B,Lägenhet,"Rörsjöstaden, Malmö kommun",Såld 10 oktober 2022,Rebecka Ovesen Wågert,https://www.hemnet.se/maklare/croisette-malmo-slottsstaden-1091/rebecka-ovesen-wagert-19855,39 655 kr/m²,1 175 000 kr,-25 000 kr (-2 %),Lägenhet,Bostadsrätt,1 rum,29 m²,Nej,"6 av 6, hiss finns",1935,2 214 kr/mån,,,,,,
895 000 kr,Gustaf Rydbergsgatan 7,Lägenhet,"Ribersborg, Malmö kommun",Såld 31 januari 2014,Tobias Enckell,https://www.hemnet.se/maklare/riksbyggen-ekonomisk-forening-719511/tobias-enckell-6001,31 964 kr/m²,895 000 kr,0 kr (±0 %),Lägenhet,Bostadsrätt,1 rum,28 m²,,,1943,2 011 kr/mån,2 160 kr/år,,,,,Brf Rydbergshill
380 000 kr,Vitemöllegatan 4F,Lägenhet,"Nobeltorget, Malmö kommun",Såld 14 oktober 2015,Roland Klarr,https://www.hemnet.se/maklare/ask-fastighetsformedling-711911/roland-klarr-10090,16 522 kr/m²,295 000 kr,+85 000 kr (+29 %),Lägenhet,Bostadsrätt,1 rum,23 m²,,,1944,1 766 kr/mån,4 500 kr/år,,,,,
1 195 000 kr,Rabygatan 65,Lägenhet,"Limhamn, Malmö kommun",Såld 21 februari 2022,Johanna Olsson,https://www.hemnet.se/maklare/fastighetsbyran-malmo-169/johanna-olsson-9058,41 207 kr/m²,1 295 000 kr,-100 000 kr (-8 %),Lägenhet,Bostadsrätt,1 rum,29 m²,,"2 av 4, hiss finns",1954,2 225 kr/mån,,,,,,
1 070 000 kr,Fredriksbergsgatan 8,Lägenhet,"City/Slussen, Malmö kommun",Såld 06 november 2023,Eric Roberts,https://www.hemnet.se/maklare/skandiamaklarna-malmo-city-34259/eric-roberts-18069,44 583 kr/m²,1 085 000 kr,-15 000 kr (-1 %),Lägenhet,Bostadsrätt,1 rum,24 m²,,"5 av 5, hiss finns ej",1926,1 606 kr/mån,4 800 kr/år,,,,,
925 000 kr,Trelleborgsgatan 4B,Lägenhet,"Folkets Park, Malmö kommun",Såld 22 mars 2021,Lisa Ivarsson,https://www.hemnet.se/maklare/croisette-malmo-slottsstaden-1091/lisa-ivarsson-14256,42 045 kr/m²,995 000 kr,-70 000 kr (-7 %),Lägenhet,Bostadsrätt,1 rum,22 m²,Nej,"5 av 5, hiss finns ej",1935,1 306 kr/mån,,,,,,
400 000 kr,Jasmingången 3,Fritidsboende,"Västkustens koloniområde / Sibbarp, Malmö kommun",Såld 05 augusti 2016,David Blomberg,https://www.hemnet.se/maklare/zetterberg-blomberg-fastighetsformedling-33587/david-blomberg-217,,390 000 kr,+10 000 kr (+3 %),Fritidsboende,Äganderätt,2 rum,30 m²,,,60-tal,,996 kr/år,12 m²,300 m²,,,
1 060 000 kr,Östra Ryttmästaregatan 15A,Lägenhet,"Slottsstaden, Malmö kommun",Såld 18 januari 2019,Philip Ekdahl,https://www.hemnet.se/maklare/croisette-malmo-slottsstaden-1091/philip-ekdahl-11614,37 857 kr/m²,995 000 kr,+65 000 kr (+7 %),Lägenhet,Bostadsrätt,1 rum,28 m²,,,1947,1 715 kr/mån,,,,,,Brf Göinge 6
945 000 kr,Osbygatan 11C,Lägenhet,"Nobeltorget, Malmö kommun",Såld 04 september 2020,Love Fält,https://www.hemnet.se/maklare/bulow-lind-fastighetsformedling-28267/love-falt-17703,35 261 kr/m²,995 000 kr,-50 000 kr (-5 %),Lägenhet,Bostadsrätt,1 rum,"26,8 m²",Nej,,1936,1 491 kr/mån,4 700 kr/år,,,,,
850 000 kr,Dalaplan 4D,Lägenhet,"Dalaplan, Malmö kommun",Såld 13 januari 2023,Malin van Ekström Ahlby,https://www.hemnet.se/maklare/erik-olsson-fastighetsformedling-720071/malin-van-ekstrom-ahlby-20906,27 778 kr/m²,850 000 kr,0 kr (±0 %),Lägenhet,Bostadsrätt,1 rum,"30,6 m²",Nej,"3 av 4, hiss finns ej",1936,1 670 kr/mån,1 920 kr/år,,,,,
446 000 kr,Sperlingsgatan 7c,Lägenhet,"Kirseberg, Malmö kommun",Såld 17 juli 2015,Anders Nilsson,https://www.hemnet.se/maklare/bjurfors-malmo-city-1806/anders-nilsson-9587,15 649 kr/m²,395 000 kr,+51 000 kr (+13 %),Lägenhet,Bostadsrätt,1 rum,"28,5 m²",,,1946-1949,2 304 kr/mån,,,,,,HSB Brf Huggaren
795 000 kr,Köpenhamnsvägen 13C,Lägenhet,"Slottsstaden, Malmö kommun",Såld 29 november 2017,Philip Ekdahl,https://www.hemnet.se/maklare/croisette-malmo-slottsstaden-1091/philip-ekdahl-11614,38 780 kr/m²,795 000 kr,0 kr (±0 %),Lägenhet,Bostadsrätt,1 rum,"20,5 m²",,,1953,1 117 kr/mån,,,,,,HSB Brf Bornholm
1 100 000 kr,Västra Varvsgatan 16 G,Lägenhet,"Västra Hamnen, Malmö kommun",Såld 23 juli 2015,Johanna Olsson,https://www.hemnet.se/maklare/fastighetsbyran-malmo-169/johanna-olsson-9058,41 825 kr/m²,1 050 000 kr,+50 000 kr (+5 %),Lägenhet,Bostadsrätt,1 rum,"26,3 m²",,,,1 751 kr/mån,3 500 kr/år,,,,,Brf Ankarparken
675 000 kr,Vitemöllegatan 10 C,Lägenhet,"Nobeltorget, Malmö kommun",Såld 13 september 2019,Ericka Nguyen,https://www.hemnet.se/maklare/fastighetsbyran-malmo-169/ericka-nguyen-8936,28 125 kr/m²,675 000 kr,0 kr (±0 %),Lägenhet,Bostadsrätt,1 rum,24 m²,,,1945,1 996 kr/mån,,,,,,
1 130 000 kr,Nikolaigatan 6,Lägenhet,"Triangeln, Malmö kommun",Såld 17 maj 2018,Agneta Chong,https://www.hemnet.se/maklare/erik-olsson-fastighetsformedling-435894/agneta-chong-9177,38 966 kr/m²,995 000 kr,+135 000 kr (+14 %),Lägenhet,Bostadsrätt,1 rum,29 m²,,,1939,1 688 kr/mån,4 500 kr/år,,,,,Brf Vesslan 15
1 525 000 kr,Major Nilssonsgatan 7B,Lägenhet,"Slottsstaden, Malmö kommun",Såld 22 augusti 2022,Caroline Wannerth,https://www.hemnet.se/maklare/skandiamaklarna-malmo-vaster-oster-718231/caroline-wannerth-19967,50 833 kr/m²,1 450 000 kr,+75 000 kr (+5 %),Lägenhet,Bostadsrätt,1 rum,30 m²,Ja,"3 av 3, hiss finns ej",,1 550 kr/mån,,,,,,
1 050 000 kr,Major Nilssonsgatan 11A,Lägenhet,"Slottsstaden, Malmö kommun",Såld 24 november 2023,Lisa Ivarsson,https://www.hemnet.se/maklare/croisette-malmo-slottsstaden-1091/lisa-ivarsson-14256,40 385 kr/m²,1 195 000 kr,-145 000 kr (-12 %),Lägenhet,Bostadsrätt,1 rum,26 m²,Nej,"1,5 av 3, hiss finns ej",1946,1 808 kr/mån,,,,,,
1 555 000 kr,Regementsgatan 23,Lägenhet,"Ribersborg, Malmö kommun",Såld 23 augusti 2021,Martin Arup,https://www.hemnet.se/maklare/erik-olsson-fastighetsformedling-720071/martin-arup-6181,51 833 kr/m²,1 495 000 kr,+60 000 kr (+4 %),Lägenhet,Bostadsrätt,1 rum,30 m²,Nej,"3 av 5, hiss finns",1937,2 340 kr/mån,5 700 kr/år,,,,,
680 000 kr,Roskildevägen 11c,Lägenhet,"Pildammarna, Malmö kommun",Såld 03 augusti 2015,Lennart Andén,https://www.hemnet.se/maklare/bocenter-fastighetsformedling-717791/lennart-anden-2543,26 154 kr/m²,775 000 kr,-95 000 kr (-12 %),Lägenhet,Bostadsrätt,1 rum,26 m²,,,1946,1 564 kr/mån,3 000 kr/år,,,,,
660 000 kr,Ystadsgatan 47G,Lägenhet,"Möllevången/Sofielund, Malmö kommun",Såld 06 augusti 2015,Kenan Hasanoglu,https://www.hemnet.se/maklare/fastighetsbyran-malmo-169/kenan-hasanoglu-10334,21 290 kr/m²,545 000 kr,+115 000 kr (+21 %),Lägenhet,Bostadsrätt,1 rum,31 m²,,,1937,2 257 kr/mån,5 360 kr/år,,,,,Brf Urbilden
1 170 000 kr,Sölvesborgsgatan 1,Lägenhet,"Folkets Park, Malmö kommun",Såld 09 augusti 2021,Frida Nordeborg,https://www.hemnet.se/maklare/erik-olsson-fastighetsformedling-435894/frida-nordeborg-16470,46 800 kr/m²,995 000 kr,+175 000 kr (+18 %),Lägenhet,Bostadsrätt,2 rum,25 m²,Nej,"5 av 5, hiss finns ej",1939,1 777 kr/mån,4 320 kr/år,,,,,
965 000 kr,Glasbruksgatan 2A,Lägenhet,"Limhamn, Malmö kommun",Såld 02 juli 2020,Daniel Bokhari Friberg,https://www.hemnet.se/maklare/erik-olsson-fastighetsformedling-435894/daniel-bokhari-friberg-16292,48 250 kr/m²,965 000 kr,0 kr (±0 %),Lägenhet,Bostadsrätt,1 rum,20 m²,Nej,,1950,1 441 kr/mån,3 620 kr/år,,,,,
650 000 kr,Serenadgatan 62,Lägenhet,"Högaholm, Malmö kommun",Såld 13 juli 2023,Kenan Hasanoglu,https://www.hemnet.se/maklare/fastighetsbyran-malmo-169/kenan-hasanoglu-10334,24 074 kr/m²,695 000 kr,-45 000 kr (-6 %),Lägenhet,Bostadsrätt,1 rum,27 m²,Ja,"1 av 9, hiss finns",1971,1 838 kr/mån,,,,,,
1 020 000 kr,Pilåkersvägen 4 a,Lägenhet,"Dammfri, Malmö kommun",Såld 18 oktober 2016,Elaine Mürgas,https://www.hemnet.se/maklare/fastighetsbyran-malmo-169/elaine-murgas-11453,40 800 kr/m²,795 000 kr,+225 000 kr (+28 %),Lägenhet,Bostadsrätt,1 rum,25 m²,,,1951,1 839 kr/mån,4 700 kr/år,,,,,HSB Brf Ängdala I Malmö
500 000 kr,Cox Orangegången 348,Fritidsboende,"Ärtholmen, Malmö kommun",Såld 21 april 2017,David Blomberg,https://www.hemnet.se/maklare/zetterberg-blomberg-fastighetsformedling-33587/david-blomberg-217,,425 000 kr,+75 000 kr (+18 %),Fritidsboende,Äganderätt,1 rum,24 m²,,,,,3 396 kr/år,15 m²,300 m²,,,
1 175 000 kr,Ernst Ahlgrensgatan 4B,Lägenhet,"Ribersborg, Malmö kommun",Såld 30 november 2022,Linnéa Lindberg,https://www.hemnet.se/maklare/fastighetsbyran-malmo-169/linnea-lindberg-17954,40 517 kr/m²,1 195 000 kr,-20 000 kr (-2 %),Lägenhet,Bostadsrätt,1 rum,29 m²,,"7 av 7, hiss finns",1953,2 110 kr/mån,,,,,,
1 405 000 kr,Carl Herslowsgatan 9,Lägenhet,"Hästhagen, Malmö kommun",Såld 22 december 2018,Malin Fasth,https://www.hemnet.se/maklare/fastighetsbyran-malmo-169/malin-fasth-8117,53 831 kr/m²,1 395 000 kr,+10 000 kr (+1 %),Lägenhet,Bostadsrätt,1 rum,"26,1 m²",,,,1 566 kr/mån,,,,,,Brf Hästhagen
1 415 000 kr,Kilian Zollsgatan 7B,Lägenhet,"Ribersborg, Malmö kommun",Såld 07 mars 2021,Ola G Lindskog,https://www.hemnet.se/maklare/bodirekt-298/ola-g-lindskog-416,45 645 kr/m²,1 195 000 kr,+220 000 kr (+18 %),Lägenhet,Bostadsrätt,1 rum,31 m²,Ja,"1 av 4, hiss finns ej",1939,1 921 kr/mån,,,,,,
1 295 000 kr,Roslins väg 14B,Lägenhet,"Ribersborg, Malmö kommun",Såld 14 april 2022,Dennis Berg,https://www.hemnet.se/maklare/bjurfors-jonkoping-711611/dennis-berg-10675,43 167 kr/m²,1 295 000 kr,0 kr (±0 %),Lägenhet,Bostadsrätt,1 rum,30 m²,Nej,"1 av 4, hiss finns ej",1953,2 682 kr/mån,,,,,,
1 300 000 kr,"Östra Sommarstaden, Vitsippegången kolonistuga B2",Fritidshus,"Johanneslust, Malmö kommun",Såld 20 april 2021,Lisa Ivarsson,https://www.hemnet.se/maklare/croisette-malmo-slottsstaden-1091/lisa-ivarsson-14256,,795 000 kr,+505 000 kr (+64 %),Fritidshus,Annat,2 rum,29 m²,,,,,,,434 m²,,6 926 kr/år,
1 150 000 kr,Hässleholmsgatan 4,Lägenhet,"Nobeltorget, Malmö kommun",Såld 28 maj 2021,Emmeli Ryd,https://www.hemnet.se/maklare/erik-olsson-fastighetsformedling-727551/emmeli-ryd-19179,46 748 kr/m²,995 000 kr,+155 000 kr (+16 %),Lägenhet,Bostadsrätt,1 rum,"24,6 m²",Nej,"2 av 4, hiss finns ej",1936,1 392 kr/mån,,,,,,
950 000 kr,Erikslustvägen 42H,Lägenhet,"Slottsstaden, Malmö kommun",Såld 22 mars 2018,Johanna Olsson,https://www.hemnet.se/maklare/fastighetsbyran-malmo-169/johanna-olsson-9058,35 185 kr/m²,950 000 kr,0 kr (±0 %),Lägenhet,Bostadsrätt,1 rum,27 m²,,,,1 714 kr/mån,,,,,,HSB Brf Erikslust
900 000 kr,Producentgatan 1,Lägenhet,"Lindeborg, Malmö kommun",Såld 10 februari 2023,Nour Khalil,https://www.hemnet.se/maklare/mohv-hyllie-725851/nour-khalil-21954,31 034 kr/m²,895 000 kr,+5 000 kr (+1 %),Lägenhet,Bostadsrätt,"1,5 rum",29 m²,Nej,"1 av 8, hiss finns",1973,1 782 kr/mån,,,,,,
810 000 kr,Jasminlunden 130,Fritidshus,"Elinelund, Malmö kommun",Såld 14 september 2021,David Blomberg,https://www.hemnet.se/maklare/zetterberg-blomberg-fastighetsformedling-33587/david-blomberg-217,,695 000 kr,+115 000 kr (+17 %),Fritidshus,Annat,2 rum,30 m²,,,1954,,13 300 kr/år,"6,5 m²",390 m²,,,
1 075 000 kr,Rabygatan 69,Lägenhet,"Limhamn, Malmö kommun",Såld 19 juli 2021,Ellie Knutsson Olsrup,https://www.hemnet.se/maklare/erik-olsson-fastighetsformedling-727551/ellie-knutsson-olsrup-19045,37 069 kr/m²,995 000 kr,+80 000 kr (+8 %),Lägenhet,Bostadsrätt,1 rum,29 m²,Nej,"2 av 4, hiss finns",1953,2 160 kr/mån,4 320 kr/år,,,,,
670 000 kr,Kungsgatan 27 B,Lägenhet,"Rörsjöstaden, Malmö kommun",Såld 18 november 2015,Ulf Björk,https://www.hemnet.se/maklare/bulow-lind-fastighetsformedling-28267/ulf-bjork-7802,29 130 kr/m²,595 000 kr,+75 000 kr (+13 %),Lägenhet,Bostadsrätt,1 rum,23 m²,,,1934,1 894 kr/mån,5 040 kr/år,,,,,
1 350 000 kr,Gustaf Rydbergsgatan 7,Lägenhet,"Ribersborg, Malmö kommun",Såld 09 augusti 2018,Filip Ericsson,https://www.hemnet.se/maklare/bjurfors-malmo-vaster-12366/filip-ericsson-9481,48 214 kr/m²,1 195 000 kr,+155 000 kr (+13 %),Lägenhet,Bostadsrätt,1 rum,28 m²,,,1943-1951,1 810 kr/mån,,,,,,Brf Rydbergshill
1 000 000 kr,Ellstorpsgatan 1A,Lägenhet,"Ellstorp, Malmö kommun",Såld 04 augusti 2021,Maja Gunnarsson,https://www.hemnet.se/maklare/fastighetsbyran-svedala-708631/maja-gunnarsson-18398,34 965 kr/m²,975 000 kr,+25 000 kr (+3 %),Lägenhet,Bostadsrätt,1 rum,"28,6 m²",,"4 av 6, hiss finns",1939,1 435 kr/mån,,,,,,
525 000 kr,"Nr 351, Gång 2B",Fritidshus,"Mossängen, Malmö kommun",Såld 14 maj 2019,David Blomberg,https://www.hemnet.se/maklare/zetterberg-blomberg-fastighetsformedling-33587/david-blomberg-217,,510 000 kr,+15 000 kr (+3 %),Fritidshus,Annat,2 rum,31 m²,,,1960,,12 400 kr/år,36 m²,378 m²,,,
1 130 000 kr,Eslövsgatan 1C,Lägenhet,"Västra Sorgenfri, Malmö kommun",Såld 30 januari 2021,Kenan Hasanoglu,https://www.hemnet.se/maklare/fastighetsbyran-malmo-169/kenan-hasanoglu-10334,36 452 kr/m²,1 095 000 kr,+35 000 kr (+3 %),Lägenhet,Bostadsrätt,1 rum,31 m²,,"1 av 4, hiss finns ej",1939,2 979 kr/mån,,,,,,
1 125 000 kr,Möllevångsgatan 30A,Lägenhet,"Triangeln, Malmö kommun",Såld 10 juni 2019,Johan Dahlberg,https://www.hemnet.se/maklare/lansforsakringar-fastighetsformedling-malmo-39311/johan-dahlberg-12808,40 179 kr/m²,1 095 000 kr,+30 000 kr (+3 %),Lägenhet,Bostadsrätt,1 rum,28 m²,,,1968,1 874 kr/mån,3 000 kr/år,,,,,
1 130 000 kr,Östra Rönneholmsvägen 25,Lägenhet,"Hästhagen, Malmö kommun",Såld 28 september 2016,Anna Danielsson,https://www.hemnet.se/maklare/erik-olsson-fastighetsformedling-435894/anna-danielsson-9234,36 452 kr/m²,995 000 kr,+135 000 kr (+14 %),Lägenhet,Bostadsrätt,1 rum,31 m²,,,1934,2 080 kr/mån,2 005 kr/år,,,,,Brf Hövitsmannen 3
930 000 kr,Nordlinds Väg 100 B,Lägenhet,"Rönneholm, Malmö kommun",Såld 13 mars 2019,Agneta Chong,https://www.hemnet.se/maklare/erik-olsson-fastighetsformedling-435894/agneta-chong-9177,46 500 kr/m²,895 000 kr,+35 000 kr (+4 %),Lägenhet,Bostadsrätt,1 rum,20 m²,,,1956,1 361 kr/mån,4 100 kr/år,,,,,HSB:s Brf Basunen
745 000 kr,Hässleholmsgatan 5B,Lägenhet,"Nobeltorget, Malmö kommun",Såld 28 september 2016,Filip Ericsson,https://www.hemnet.se/maklare/bjurfors-malmo-vaster-12366/filip-ericsson-9481,29 800 kr/m²,695 000 kr,+50 000 kr (+7 %),Lägenhet,Bostadsrätt,1 rum,25 m²,,,1937,1 385 kr/mån,,,,,,Brf Ängen
995 000 kr,Folketshusvägen 19,Lägenhet,"Klagshamn, Malmö kommun",Såld 15 juli 2020,Therese Lagerfelt,https://www.hemnet.se/maklare/fastighetsbyran-malmo-169/therese-lagerfelt-15913,35 536 kr/m²,995 000 kr,0 kr (±0 %),Lägenhet,Bostadsrätt,1 rum,28 m²,,"4 av 5, hiss finns",2019-2020,2 113 kr/mån,2 772 kr/år,,,,,
1 215 000 kr,Ernst Ahlgrensgatan 4 A,Lägenhet,"Ribersborg, Malmö kommun",Såld 26 oktober 2018,Anna Danielsson,https://www.hemnet.se/maklare/erik-olsson-fastighetsformedling-435894/anna-danielsson-9234,50 625 kr/m²,1 195 000 kr,+20 000 kr (+2 %),Lägenhet,Bostadsrätt,1 rum,24 m²,,,1953,1 486 kr/mån,3 480 kr/år,,,,,Brf Stjärnehus
775 000 kr,Idaborgsgatan 57D,Lägenhet,"Ellstorp, Malmö kommun",Såld 03 juni 2022,Filip Ericsson,https://www.hemnet.se/maklare/bjurfors-malmo-vaster-12366/filip-ericsson-9481,29 808 kr/m²,745 000 kr,+30 000 kr (+4 %),Lägenhet,Bostadsrätt,1 rum,26 m²,Nej,"2 av 6, hiss finns",1940,2 138 kr/mån,,,,,,
710 000 kr,Stuga 588 - Gång 7,Fritidshus,"Mossängen Sommarstad, Malmö kommun",Såld 09 september 2023,Lennart Andén,https://www.hemnet.se/maklare/kolonimaklarna-725411/lennart-anden-17714,,675 000 kr,+35 000 kr (+5 %),Fritidshus,Annat,2 rum,30 m²,,,1954,,2 000 kr/år,15 m²,380 m²,,11 300 kr/år,
850 000 kr,Dansörgatan 12,Lägenhet,"Lindeborg, Malmö kommun",Såld 08 oktober 2023,Sharon Ma,https://www.hemnet.se/maklare/croisette-hyllie-708891/sharon-ma-18405,29 310 kr/m²,895 000 kr,-45 000 kr (-5 %),Lägenhet,Bostadsrätt,1 rum,29 m²,Nej,"1 av 8, hiss finns",1973,1 915 kr/mån,,,,,,
995 000 kr,Ystadsgatan 47G,Lägenhet,"Nobeltorget, Malmö kommun",Såld 16 oktober 2020,Alexander Karlsson,https://www.hemnet.se/maklare/svensk-fastighetsformedling-malmo-701451/alexander-karlsson-17010,32 097 kr/m²,995 000 kr,0 kr (±0 %),Lägenhet,Bostadsrätt,1 rum,31 m²,Ja,"4 av 4, hiss finns ej",1937,2 204 kr/mån,4 800 kr/år,,,,,
1 120 000 kr,Älggatan 48A,Lägenhet,"Limhamn, Malmö kommun",Såld 16 juli 2020,Johan Dahlgren,https://www.hemnet.se/maklare/croisette-malmo-vastra-hamnen-12766/johan-dahlgren-465,39 716 kr/m²,1 125 000 kr,-5 000 kr (±0 %),Lägenhet,Bostadsrätt,1 rum,"28,2 m²",Nej,,1953,1 790 kr/mån,,,,,,
525 000 kr,Östra Farmvägen 37 C,Lägenhet,"Östra Sorgenfri, Malmö kommun",Såld 10 juli 2016,[email protected],"https://www.hemnet.se/maklare/hemverket-ab-36511/info-hemverket,se-144",25 000 kr/m²,525 000 kr,0 kr (±0 %),Lägenhet,Bostadsrätt,1 rum,21 m²,,,,1 078 kr/mån,,,,,,HSB Bostadsrättsförening Manligheten i Malmö
750 000 kr,Lektorsgatan 3 B,Lägenhet,"Nydala, Malmö kommun",Såld 27 februari 2021,Martina Ahlberg,https://www.hemnet.se/maklare/fastighetsbyran-malmo-169/martina-ahlberg-16952,25 424 kr/m²,750 000 kr,0 kr (±0 %),Lägenhet,Bostadsrätt,1 rum,"29,5 m²",Ja,"1 av 4, hiss finns ej",1962,2 023 kr/mån,,,,,,
650 000 kr,Lettlandsgatan 2C,Lägenhet,"Heleneholm, Malmö kommun",Såld 17 oktober 2023,Mohammad Omran,https://www.hemnet.se/maklare/lansforsakringar-fastighetsformedling-malmo-39311/mohammad-omran-21383,22 491 kr/m²,745 000 kr,-95 000 kr (-13 %),Lägenhet,Bostadsrätt,1 rum,"28,9 m²",Nej,"2 av 4, hiss finns ej",1957,1 624 kr/mån,,,,,,
1 375 000 kr,Falsterbogatan 18 B,Lägenhet,"Folkets park / Möllevången, Malmö kommun",Såld 06 mars 2017,Fatima Friberg,https://www.hemnet.se/maklare/bohem-40591/fatima-friberg-10507,52 083 kr/m²,1 150 000 kr,+225 000 kr (+20 %),Lägenhet,Bostadsrätt,1 rum,"26,4 m²",,,1939,1 418 kr/mån,7 416 kr/år,,,,,
1 600 000 kr,Östra Rönneholmsvägen 6 B,Lägenhet,"Rådmansvången, Malmö kommun",Såld 12 augusti 2017,Therese Franzén,https://www.hemnet.se/maklare/erik-olsson-fastighetsformedling-732631/therese-franzen-10143,51 613 kr/m²,1 195 000 kr,+405 000 kr (+34 %),Lägenhet,Bostadsrätt,1 rum,31 m²,,,1908,1 679 kr/mån,1 800 kr/år,,,,,Bostadsrättsföreningen Klostret 2
680 000 kr,Eslövsgatan 1C,Lägenhet,"Västra Sorgenfri, Malmö kommun",Såld 02 september 2015,Karin Bergkvist,https://www.hemnet.se/maklare/bjurfors-malmo-city-1806/karin-bergkvist-4069,29 565 kr/m²,620 000 kr,+60 000 kr (+10 %),Lägenhet,Bostadsrätt,1 rum,23 m²,,,1939,2 163 kr/mån,,,,,,Brf Hammarslund
1 095 000 kr,Bodekullsgatan 39 A,Lägenhet,"Sorgenfri, Malmö kommun",Såld 18 mars 2022,Majlinda Halimi Hugosson,https://www.hemnet.se/maklare/erik-olsson-fastighetsformedling-435894/majlinda-halimi-hugosson-12128,39 107 kr/m²,1 095 000 kr,0 kr (±0 %),Lägenhet,Bostadsrätt,1 rum,28 m²,Nej,"3 av 4, hiss finns ej",1947,1 624 kr/mån,1 920 kr/år,,,,,
460 000 kr,Rosengången 61,Fritidsboende,"Sibbarp / Västkustens koloniområde, Malmö kommun",Såld 03 april 2018,Marcus Zetterberg,https://www.hemnet.se/maklare/zetterberg-blomberg-fastighetsformedling-33587/marcus-zetterberg-9077,,495 000 kr,-35 000 kr (-7 %),Fritidsboende,Äganderätt,2 rum,29 m²,,,80-tal / 2005,,1 600 kr/år,10 m²,393 m²,,,
595 000 kr,Vattenverksvägen 41B,Lägenhet,"Kirseberg, Malmö kommun",Såld 04 juni 2020,Ola G Lindskog,https://www.hemnet.se/maklare/bodirekt-298/ola-g-lindskog-416,25 870 kr/m²,595 000 kr,0 kr (±0 %),Lägenhet,Bostadsrätt,1 rum,23 m²,Ja,,1952,1 709 kr/mån,,,,,,
1 060 000 kr,Helmfeltsgatan 12,Lägenhet,"Hästhagen/Davidshall, Malmö kommun",Såld 10 januari 2023,Sandra Lindh,https://www.hemnet.se/maklare/husmanhagberg-malmo-4545/sandra-lindh-17715,43 265 kr/m²,895 000 kr,+165 000 kr (+18 %),Lägenhet,Bostadsrätt,1 rum,"24,5 m²",Nej,"1 av 5, hiss finns",1945,1 217 kr/mån,,,,,,
1 245 000 kr,Carl Herslowsgatan 11 A,Lägenhet,"Hästhagen, Malmö kommun",Såld 04 januari 2019,Johanna Mjöfors,https://www.hemnet.se/maklare/erik-olsson-fastighetsformedling-435894/johanna-mjofors-14058,42 931 kr/m²,1 245 000 kr,0 kr (±0 %),Lägenhet,Bostadsrätt,1 rum,29 m²,,,1943,1 610 kr/mån,3 680 kr/år,,,,,HSB:s Brf Kanslern i Malmö
1 050 000 kr,Vendelsfridsgatan 6B,Lägenhet,"Lorensborg, Malmö kommun",Såld 01 augusti 2023,Rama Bernin,https://www.hemnet.se/maklare/croisette-malmo-vastra-hamnen-12766/rama-bernin-21858,38 889 kr/m²,1 195 000 kr,-145 000 kr (-12 %),Lägenhet,Bostadsrätt,1 rum,27 m²,Ja,"15 av 16, hiss finns",1959,2 131 kr/mån,,,,,,
900 000 kr,Vårgatan 3A,Lägenhet,"Östervärn, Malmö kommun",Såld 16 augusti 2017,Mathilda Skoglund,https://www.hemnet.se/maklare/bjurfors-malmo-city-1806/mathilda-skoglund-11409,36 000 kr/m²,795 000 kr,+105 000 kr (+13 %),Lägenhet,Bostadsrätt,1 rum,25 m²,,,1936,1 764 kr/mån,,,,,,Brf Malmö Värnhem 13
940 000 kr,Karlshamnsgatan 2,Lägenhet,"Folkets park, Malmö kommun",Såld 13 september 2023,Love Fält,https://www.hemnet.se/maklare/lansforsakringar-fastighetsformedling-malmo-39311/love-falt-21434,32 414 kr/m²,945 000 kr,-5 000 kr (-1 %),Lägenhet,Bostadsrätt,1 rum,29 m²,Nej,"2 av 4, hiss finns ej",1935,2 752 kr/mån,2 400 kr/år,,,,,
1 125 000 kr,Kilian Zollsgatan 9 B,Lägenhet,"Ribersborg, Malmö kommun",Såld 05 september 2016,Martin Arup,https://www.hemnet.se/maklare/erik-olsson-fastighetsformedling-720071/martin-arup-6181,40 179 kr/m²,995 000 kr,+130 000 kr (+13 %),Lägenhet,Bostadsrätt,1 rum,28 m²,,,1945,2 116 kr/mån,3 400 kr/år,,,,,Brf Kilian 9
1 100 000 kr,Mäster Henriksgatan 10 A,Lägenhet,"S:t Knut, Malmö kommun",Såld 27 september 2017,Fatima Friberg,https://www.hemnet.se/maklare/bohem-40591/fatima-friberg-10507,45 643 kr/m²,1 195 000 kr,-95 000 kr (-8 %),Lägenhet,Bostadsrätt,1 rum,"24,1 m²",,,1932,1 208 kr/mån,,,,,,
1 130 000 kr,Bobergsängen 6B,Lägenhet,"Dammfri, Malmö kommun",Såld 05 januari 2023,Emma Wrangmark,https://www.hemnet.se/maklare/svensk-fastighetsformedling-malmo-701451/emma-wrangmark-13676,43 295 kr/m²,1 195 000 kr,-65 000 kr (-5 %),Lägenhet,Bostadsrätt,1 rum,"26,1 m²",Ja,"2, hiss finns ej",1949,2 499 kr/mån,,,,,,
565 000 kr,Närkesgatan 3A,Lägenhet,"Dalaplan, Malmö kommun",Såld 17 september 2015,Gustav Cagmo,https://www.hemnet.se/maklare/bjurfors-malmo-oster-2048/gustav-cagmo-8076,19 483 kr/m²,550 000 kr,+15 000 kr (+3 %),Lägenhet,Bostadsrätt,1 rum,29 m²,,,1957,2 132 kr/mån,,,,,,HSB Brf Vättern
600 000 kr,Mäster Henriksgatan 6,Lägenhet,"S:t Knut, Malmö kommun",Såld 30 oktober 2014,Filip Ericsson,https://www.hemnet.se/maklare/bjurfors-malmo-vaster-12366/filip-ericsson-9481,24 000 kr/m²,495 000 kr,+105 000 kr (+21 %),Lägenhet,Bostadsrätt,1 rum,25 m²,,,1936,1 499 kr/mån,4 200 kr/år,,,,,Brf Mäster Henrik
420 000 kr,Gullregnsgången 16,Fritidshus,"Sibbarp / Västkustens koloniförening, Malmö kommun",Såld 11 maj 2019,David Blomberg,https://www.hemnet.se/maklare/zetterberg-blomberg-fastighetsformedling-33587/david-blomberg-217,,395 000 kr,+25 000 kr (+6 %),Fritidshus,Annat,2 rum,28 m²,,,1960,,10 400 kr/år,,401 m²,,,
675 000 kr,Sandbackegatan 7c,Lägenhet,"Kirseberg, Malmö kommun",Såld 29 oktober 2019,Elaine Mürgas,https://www.hemnet.se/maklare/fastighetsbyran-malmo-169/elaine-murgas-11453,27 551 kr/m²,575 000 kr,+100 000 kr (+17 %),Lägenhet,Bostadsrätt,1 rum,"24,5 m²",Nej,,,2 120 kr/mån,,,,,,
705 000 kr,ÖSTRA FARMVÄGEN 37C,Lägenhet,"Nobel / Sorgenfri, Malmö kommun",Såld 09 oktober 2017,Ola G Lindskog,https://www.hemnet.se/maklare/bodirekt-298/ola-g-lindskog-416,33 571 kr/m²,595 000 kr,+110 000 kr (+18 %),Lägenhet,Bostadsrätt,1 rum,21 m²,,,1956,1 078 kr/mån,1 200 kr/år,,,,,Manligheten Hsb
1 400 000 kr,Roslins väg 17A,Lägenhet,"Ribersborg, Malmö kommun",Såld 08 augusti 2017,Dennis Berg,https://www.hemnet.se/maklare/bjurfors-jonkoping-711611/dennis-berg-10675,53 846 kr/m²,1 075 000 kr,+325 000 kr (+30 %),Lägenhet,Bostadsrätt,1 rum,26 m²,,,1944,1 489 kr/mån,,,,,,Brf Roslin
695 000 kr,Branteviksgatan 24,Lägenhet,"Östra Sorgenfri, Malmö kommun",Såld 16 mars 2023,Daniel Marzouk,https://www.hemnet.se/maklare/maklarhuset-malmo-regementsgatan-25107/daniel-marzouk-16833,25 741 kr/m²,695 000 kr,0 kr (±0 %),Lägenhet,Bostadsrätt,1 rum,27 m²,,"1 av 5, hiss finns",1972,1 817 kr/mån,,,,,,
1 345 000 kr,Regementsgatan 23,Lägenhet,"Ribersborg, Malmö kommun",Såld 30 januari 2019,Marielle Jungerup,https://www.hemnet.se/maklare/bjurfors-malmo-city-1806/marielle-jungerup-4076,44 833 kr/m²,1 345 000 kr,0 kr (±0 %),Lägenhet,Bostadsrätt,1 rum,30 m²,,,1937,2 340 kr/mån,,,,,,Brf Inland 4
1 225 000 kr,Rosengrens gata 7A,Lägenhet,"Limhamns Sjöstad, Malmö kommun",Såld 19 april 2020,Dan Andersson,https://www.hemnet.se/maklare/bjurfors-limhamn-1807/dan-andersson-4057,40 833 kr/m²,1 350 000 kr,-125 000 kr (-9 %),Lägenhet,Bostadsrätt,1 rum,30 m²,Nej,,2019,2 215 kr/mån,,,,Ja,,
715 000 kr,Statistgatan 16,Lägenhet,"Lindeborg, Malmö kommun",Såld 14 december 2022,Tarik Dizdar,https://www.hemnet.se/maklare/lansforsakringar-fastighetsformedling-malmo-39311/tarik-dizdar-21539,24 655 kr/m²,795 000 kr,-80 000 kr (-10 %),Lägenhet,Bostadsrätt,1 rum,29 m²,Nej,"1 av 8, hiss finns",1973,1 818 kr/mån,,,,,,
925 000 kr,Åkerögången 211 - Ärtholmens Sommarstad,Fritidshus,"Ärtholmens Sommarstad, Malmö kommun",Såld 14 september 2023,Lennart Andén,https://www.hemnet.se/maklare/kolonimaklarna-725411/lennart-anden-17714,,775 000 kr,+150 000 kr (+19 %),Fritidshus,Annat,2 rum,31 m²,,,1950,,6 400 kr/år,15 m²,285 m²,,6 600 kr/år,
670 000 kr,Estlandsgatan 5C,Lägenhet,"Heleneholm, Malmö kommun",Såld 07 december 2017,Mikael Öhlin,https://www.hemnet.se/maklare/croisette-malmo-slottsstaden-1091/mikael-ohlin-11133,23 183 kr/m²,645 000 kr,+25 000 kr (+4 %),Lägenhet,Bostadsrätt,1 rum,"28,9 m²",,,1957,1 406 kr/mån,,,,,,Brf Skeppsbyggaren
450 000 kr,Poppelgången 84,Fritidshus,"Jägershill 1, Malmö kommun",Såld 21 juni 2022,Marcus Zetterberg,https://www.hemnet.se/maklare/zetterberg-blomberg-fastighetsformedling-33587/marcus-zetterberg-9077,,395 000 kr,+55 000 kr (+14 %),Fritidshus,Annat,2 rum,24 m²,,,1960,,15 900 kr/år,20 m²,603 m²,,,
1 000 000 kr,Stora Nygatan 23,Lägenhet,"City, Malmö kommun",Såld 16 maj 2016,Johan Dahlgren,https://www.hemnet.se/maklare/croisette-malmo-vastra-hamnen-12766/johan-dahlgren-465,45 704 kr/m²,995 000 kr,+5 000 kr (+1 %),Lägenhet,Bostadsrätt,1 rum,"21,9 m²",,,1895,1 401 kr/mån,,,,,,Brf Concordia 15
745 000 kr,Sadelmakarebyn 7c,Lägenhet,"Annestad, Malmö kommun",Såld 30 augusti 2023,Jesper Jeschko Björnsson,https://www.hemnet.se/maklare/fastighetsbyran-malmo-169/jesper-jeschko-bjornsson-18545,27 593 kr/m²,775 000 kr,-30 000 kr (-4 %),Lägenhet,Bostadsrätt,1 rum,27 m²,,"4 av 4, hiss finns",2005,2 925 kr/mån,3 494 kr/år,,,,,
990 000 kr,Möllevångsgatan 30A,Lägenhet,"Triangeln, Malmö kommun",Såld 27 april 2022,Jacob Friberg,https://www.hemnet.se/maklare/bjurfors-malmo-oster-2048/jacob-friberg-14876,35 357 kr/m²,995 000 kr,-5 000 kr (-1 %),Lägenhet,Bostadsrätt,1 rum,28 m²,Nej,"3 av 5, hiss finns",1968,2 062 kr/mån,,,,,,
695 000 kr,Branteviksgatan 5A,Lägenhet,"Sorgenfri, Malmö kommun",Såld 13 februari 2023,Varo Dalawy,https://www.hemnet.se/maklare/mohv-malmo-20887/varo-dalawy-22132,28 367 kr/m²,695 000 kr,0 kr (±0 %),Lägenhet,Bostadsrätt,1 rum,"24,5 m²",Ja,"7 av 10, hiss finns",1959,2 321 kr/mån,,,,,,
750 000 kr,Aktrisgatan 14,Lägenhet,"Lindeborg, Malmö kommun",Såld 09 februari 2017,Emir Salkic,https://www.hemnet.se/maklare/croisette-malmo-slottsstaden-1091/emir-salkic-1545,27 778 kr/m²,695 000 kr,+55 000 kr (+8 %),Lägenhet,Bostadsrätt,1 rum,27 m²,,,1972,1 615 kr/mån,,,,,,HSB Brf Sofieholm
650 000 kr,Vitemöllegatan 10C,Lägenhet,"Nobeltorget, Malmö kommun",Såld 30 september 2016,Patrik Tegnhammar,https://www.hemnet.se/maklare/bjurfors-malmo-city-1806/patrik-tegnhammar-10542,27 083 kr/m²,485 000 kr,+165 000 kr (+34 %),Lägenhet,Bostadsrätt,1 rum,24 m²,,,1945-1946,1 711 kr/mån,,,,,,HSB Brf Friheten
1 050 000 kr,Ystadsgatan 47A,Lägenhet,"Norra Sofielund, Malmö kommun",Såld 13 februari 2019,Kenan Hasanoglu,https://www.hemnet.se/maklare/fastighetsbyran-malmo-169/kenan-hasanoglu-10334,33 871 kr/m²,895 000 kr,+155 000 kr (+17 %),Lägenhet,Bostadsrätt,1 rum,31 m²,,,1937,2 161 kr/mån,,,,,,Brf Urbilden
1 550 000 kr,Carl Herslowsgatan 9,Lägenhet,"Hästhagen, Malmö kommun",Såld 18 december 2022,Rebecka Ovesen Wågert,https://www.hemnet.se/maklare/croisette-malmo-slottsstaden-1091/rebecka-ovesen-wagert-19855,59 387 kr/m²,1 495 000 kr,+55 000 kr (+4 %),Lägenhet,Bostadsrätt,1 rum,"26,1 m²",Ja,"5 av 6, hiss finns",1945,1 638 kr/mån,,,,,,
850 000 kr,Kilian Zollsgatan 6 A,Lägenhet,"Ribersborg, Malmö kommun",Såld 05 december 2015,[email protected],"https://www.hemnet.se/maklare/hemverket-ab-36511/info-hemverket,se-144",30 357 kr/m²,795 000 kr,+55 000 kr (+7 %),Lägenhet,Bostadsrätt,1 rum,28 m²,,,,1 767 kr/mån,,,,,,Bostadsrättsföreningen Stegeborg 5
1 650 000 kr,Gustaf Rydbergsgatan 7,Lägenhet,"Ribersborg, Malmö kommun",Såld 05 augusti 2021,Philip Ekdahl,https://www.hemnet.se/maklare/croisette-malmo-slottsstaden-1091/philip-ekdahl-11614,58 929 kr/m²,1 395 000 kr,+255 000 kr (+18 %),Lägenhet,Bostadsrätt,1 rum,28 m²,Nej,"4 av 5, hiss finns ej",1943,1 883 kr/mån,,,,,,
1 000 000 kr,Ehrensvärdsgatan 7,Lägenhet,"Rörsjöstaden, Malmö kommun",Såld 11 mars 2021,Jacob Edman,https://www.hemnet.se/maklare/mohv-lund-26647/jacob-edman-1695,34 483 kr/m²,995 000 kr,+5 000 kr (+1 %),Lägenhet,Bostadsrätt,1 rum,29 m²,Nej,"5 av 6, hiss finns",1934,2 313 kr/mån,3 500 kr/år,,,,,
895 000 kr,Nordlinds Väg 94C,Lägenhet,"Slottsstaden, Malmö kommun",Såld 04 september 2016,Simon Wall Sanktnovius,https://www.hemnet.se/maklare/bjurfors-lund-centrum-1799/simon-wall-sanktnovius-11411,31 964 kr/m²,895 000 kr,0 kr (±0 %),Lägenhet,Bostadsrätt,1 rum,28 m²,,,1954,1 509 kr/mån,,,,,,HSB Brf Gamban
1 250 000 kr,Kronborgsvägen 12C,Lägenhet,"Pildammarna, Malmö kommun",Såld 16 februari 2020,Dennis Berg,https://www.hemnet.se/maklare/bjurfors-jonkoping-711611/dennis-berg-10675,44 643 kr/m²,1 095 000 kr,+155 000 kr (+14 %),Lägenhet,Bostadsrätt,1 rum,28 m²,Nej,,,1 870 kr/mån,,,,,,
700 000 kr,Uppsalagatan 11B,Lägenhet,"Södervärn / Dalaplan, Malmö kommun",Såld 04 augusti 2016,Marcus Abrahamsson,https://www.hemnet.se/maklare/skandiamaklarna-malmo-vaster-oster-718231/marcus-abrahamsson-7300,25 926 kr/m²,595 000 kr,+105 000 kr (+18 %),Lägenhet,Bostadsrätt,1 rum,27 m²,,,1937,2 315 kr/mån,2 400 kr/år,,,,,Brf Flyttfåglarna
475 000 kr,Lettlandsgatan 2 A,Lägenhet,"Fosiedal/dalaplan, Malmö kommun",Såld 06 augusti 2015,[email protected],"https://www.hemnet.se/maklare/hemverket-ab-36511/info-hemverket,se-144",16 436 kr/m²,475 000 kr,0 kr (±0 %),Lägenhet,Bostadsrätt,1 rum,"28,9 m²",,,,1 162 kr/mån,,,,,,Brf Skeppsbyggaren
1 205 000 kr,Major Nilssonsgatan 11D,Lägenhet,"Slottsstaden, Malmö kommun",Såld 06 mars 2020,Anders Nilsson,https://www.hemnet.se/maklare/bjurfors-malmo-city-1806/anders-nilsson-9587,46 346 kr/m²,895 000 kr,+310 000 kr (+35 %),Lägenhet,Bostadsrätt,1 rum,26 m²,Nej,,1646,1 641 kr/mån,,,,,,
765 000 kr,Moltkegången 9 - Ärtholmens Sommarstad,Fritidshus,"Ärtholmens Sommarstad, Malmö kommun",Såld 30 maj 2023,Lennart Andén,https://www.hemnet.se/maklare/kolonimaklarna-725411/lennart-anden-17714,,575 000 kr,+190 000 kr (+33 %),Fritidshus,Annat,2 rum,24 m²,,,1950,,5 900 kr/år,6 m²,300 m²,,6 431 kr/år,
695 000 kr,Per Albin Hanssons väg 50B,Lägenhet,"Blekingsborg, Malmö kommun",Såld 06 november 2016,Philip Ekdahl,https://www.hemnet.se/maklare/croisette-malmo-slottsstaden-1091/philip-ekdahl-11614,29 574 kr/m²,635 000 kr,+60 000 kr (+9 %),Lägenhet,Bostadsrätt,1 rum,"23,5 m²",,,1957,2 141 kr/mån,,,,,,HSB Brf Eriksfält
780 000 kr,Idaborgsgatan 57E,Lägenhet,"Ellstorp, Malmö kommun",Såld 20 mars 2020,Johanna Meyer,https://www.hemnet.se/maklare/fastighetsbyran-malmo-169/johanna-meyer-16549,27 857 kr/m²,745 000 kr,+35 000 kr (+5 %),Lägenhet,Bostadsrätt,1 rum,28 m²,Nej,"1 av 6, hiss finns",1940,1 822 kr/mån,,,,,,
1 400 000 kr,Västra Varvsgatan 32D,Lägenhet,"Västra Hamnen, Malmö kommun",Såld 15 juni 2023,Johan Dahlgren,https://www.hemnet.se/maklare/croisette-malmo-vastra-hamnen-12766/johan-dahlgren-465,51 852 kr/m²,1 545 000 kr,-145 000 kr (-9 %),Lägenhet,Bostadsrätt,1 rum,27 m²,Ja,"3 av 5, hiss finns",2021,2 104 kr/mån,,,,,,
1 390 000 kr,Västra Rönneholmsvägen 64B,Lägenhet,"Slottsstaden, Malmö kommun",Såld 12 januari 2018,Victor Jörgensen,https://www.hemnet.se/maklare/bo-laget-fastighetsformedling-716831/victor-jorgensen-9420,49 643 kr/m²,1 390 000 kr,0 kr (±0 %),Lägenhet,Bostadsrätt,1 rum,28 m²,,,1944,1 915 kr/mån,3 683 kr/år,,,,,HSB Brf Tärningholm
1 350 000 kr,Möllevångsgatan 30A,Lägenhet,"Möllevången/Triangeln, Malmö kommun",Såld 16 juli 2022,Eric Roberts,https://www.hemnet.se/maklare/skandiamaklarna-malmo-city-34259/eric-roberts-18069,47 368 kr/m²,1 395 000 kr,-45 000 kr (-3 %),Lägenhet,Bostadsrätt,1 rum,"28,5 m²",,"2 av 5, hiss finns",1968,2 099 kr/mån,,,,,,
1 200 000 kr,Östra Kristinelundsvägen 9 B,Lägenhet,"Slottsstaden, Malmö kommun",Såld 06 januari 2020,Malin Thelander,https://www.hemnet.se/maklare/erik-olsson-fastighetsformedling-435894/malin-thelander-6179,44 444 kr/m²,1 150 000 kr,+50 000 kr (+4 %),Lägenhet,Bostadsrätt,1 rum,27 m²,Nej,,1953,1 755 kr/mån,2 200 kr/år,,,,,
535 000 kr,Uddeholmsgatan 34A,Lägenhet,"Lönngården, Malmö kommun",Såld 23 februari 2019,Lisa Ivarsson,https://www.hemnet.se/maklare/croisette-malmo-slottsstaden-1091/lisa-ivarsson-14256,19 455 kr/m²,550 000 kr,-15 000 kr (-3 %),Lägenhet,Bostadsrätt,1 rum,"27,5 m²",,,1955,1 961 kr/mån,,,,,,Riksbyggen Brf Pyramiden
1 395 000 kr,Regementsgatan 25A,Lägenhet,"Ribersborg, Malmö kommun",Såld 10 augusti 2021,Johan Bergengren,https://www.hemnet.se/maklare/erik-olsson-fastighetsformedling-720071/johan-bergengren-19069,55 800 kr/m²,1 395 000 kr,0 kr (±0 %),Lägenhet,Bostadsrätt,1 rum,25 m²,Ja,"1 av 5, hiss finns",1945,2 149 kr/mån,3 120 kr/år,,,,,
795 000 kr,Västmanlandsgatan 4A,Lägenhet,"Dalaplan, Malmö kommun",Såld 30 april 2021,Johan Dahlberg,https://www.hemnet.se/maklare/lansforsakringar-fastighetsformedling-malmo-39311/johan-dahlberg-12808,30 577 kr/m²,795 000 kr,0 kr (±0 %),Lägenhet,Bostadsrätt,1 rum,26 m²,Nej,"1 av 3, hiss finns ej",1944,1 576 kr/mån,2 400 kr/år,,,,,
1 100 000 kr,Eslövsgatan 1C,Lägenhet,"S:t Knut, Malmö kommun",Såld 28 januari 2022,Victor Jörgensen,https://www.hemnet.se/maklare/bo-laget-fastighetsformedling-716831/victor-jorgensen-9420,35 484 kr/m²,995 000 kr,+105 000 kr (+11 %),Lägenhet,Bostadsrätt,1 rum,31 m²,,,1939,3 203 kr/mån,,,,,,
620 000 kr,Dansörgatan 10,Lägenhet,"Lindeborg, Malmö kommun",Såld 10 oktober 2019,Ola G Lindskog,https://www.hemnet.se/maklare/bodirekt-298/ola-g-lindskog-416,21 379 kr/m²,695 000 kr,-75 000 kr (-11 %),Lägenhet,Bostadsrätt,1 rum,29 m²,,,1972,1 736 kr/mån,,,,,,
760 000 kr,Vitemöllegatan 1C,Lägenhet,"Nobeltorget, Malmö kommun",Såld 01 juni 2023,Jasmine von Stezelow,https://www.hemnet.se/maklare/skandiamaklarna-malmo-city-34259/jasmine-von-stezelow-13959,33 043 kr/m²,750 000 kr,+10 000 kr (+1 %),Lägenhet,Bostadsrätt,1 rum,23 m²,Nej,"3 av 4, hiss finns",1944,2 482 kr/mån,,,,,,
1 050 000 kr,Pilåkersvägen 4 A,Lägenhet,"Dammfri, Malmö kommun",Såld 10 februari 2020,Jenny Eriksson,https://www.hemnet.se/maklare/fastighetsbyran-ystad-11646/jenny-eriksson-13740,42 000 kr/m²,995 000 kr,+55 000 kr (+6 %),Lägenhet,Bostadsrätt,1 rum,25 m²,Nej,"3 av 4, hiss finns",1951,2 064 kr/mån,1 900 kr/år,,,,,
1 500 000 kr,Simrishamnsgatan 3C,Lägenhet,"Möllevången, Malmö kommun",Såld 31 mars 2022,Victor Jörgensen,https://www.hemnet.se/maklare/bo-laget-fastighetsformedling-716831/victor-jorgensen-9420,51 724 kr/m²,1 295 000 kr,+205 000 kr (+16 %),Lägenhet,Bostadsrätt,2 rum,29 m²,,3 av 4,1907,2 285 kr/mån,,,,,,
1 295 000 kr,Köpenhamnsvägen 13 A,Lägenhet,"Slottsstaden, Malmö kommun",Såld 14 juni 2022,Annika Jernberg,https://www.hemnet.se/maklare/fastighetsbyran-hollviken-170/annika-jernberg-18855,46 250 kr/m²,1 295 000 kr,0 kr (±0 %),Lägenhet,Bostadsrätt,1 rum,28 m²,Ja,"4 av 6, hiss finns",1953,2 052 kr/mån,,,,,,
920 000 kr,Östervärnsgatan 10A,Lägenhet,"Värnhem, Malmö kommun",Såld 09 augusti 2022,Max Nilsson,https://www.hemnet.se/maklare/croisette-malmo-slottsstaden-1091/max-nilsson-20779,43 810 kr/m²,995 000 kr,-75 000 kr (-8 %),Lägenhet,Bostadsrätt,1 rum,21 m²,Nej,"1,5 av 5, hiss finns ej",1939,1 578 kr/mån,,,,,,
1 350 000 kr,Neptunigatan 71,Lägenhet,"Varvsstaden, Malmö kommun",Såld 08 augusti 2023,Isabelle Ekstrand,https://www.hemnet.se/maklare/erik-olsson-fastighetsformedling-435894/isabelle-ekstrand-15061,58 696 kr/m²,1 450 000 kr,-100 000 kr (-7 %),Lägenhet,Bostadsrätt,1 rum,23 m²,Nej,"1 av 7, hiss finns",2023,2 340 kr/mån,3 192 kr/år,,,Ja,,
795 000 kr,Idaborgsgatan 57 D,Lägenhet,"Ellstorp, Malmö kommun",Såld 13 juli 2017,Robert Salmi,https://www.hemnet.se/maklare/erik-olsson-fastighetsformedling-435894/robert-salmi-10774,30 577 kr/m²,645 000 kr,+150 000 kr (+23 %),Lägenhet,Bostadsrätt,1 rum,26 m²,,,1940,1 937 kr/mån,4 060 kr/år,,,,,HSB:s Bostadsrättsförening Vidar i Malmö
750 000 kr,Blekingsborgsgatan 9,Lägenhet,"Blekingsborg, Malmö kommun",Såld 11 oktober 2019,Anders Nilsson,https://www.hemnet.se/maklare/bjurfors-malmo-city-1806/anders-nilsson-9587,25 424 kr/m²,795 000 kr,-45 000 kr (-6 %),Lägenhet,Bostadsrätt,1 rum,"29,5 m²",,,1958,2 363 kr/mån,,,,,,
1 375 000 kr,Mäster Henriksgatan 10A,Lägenhet,"S:t Knut, Malmö kommun",Såld 03 maj 2022,Jasmine Andersson,https://www.hemnet.se/maklare/croisette-malmo-slottsstaden-1091/jasmine-andersson-17866,57 292 kr/m²,1 295 000 kr,+80 000 kr (+6 %),Lägenhet,Bostadsrätt,1 rum,24 m²,Nej,"3 av 4, hiss finns ej",1932,1 312 kr/mån,,,,,,
570 000 kr,Karlshamnsgatan 2,Lägenhet,"Karlskronaplan, Malmö kommun",Såld 22 september 2014,Jonna Nyberg,https://www.hemnet.se/maklare/croisette-vaxjo-714371/jonna-nyberg-1550,19 655 kr/m²,595 000 kr,-25 000 kr (-4 %),Lägenhet,Bostadsrätt,1 rum,29 m²,,,1935,2 463 kr/mån,3 000 kr/år,,,,,Brf Gnistan 1
1 250 000 kr,Roslins väg 1,Lägenhet,"Ribersborg, Malmö kommun",Såld 15 juni 2017,Filip Ericsson,https://www.hemnet.se/maklare/bjurfors-malmo-vaster-12366/filip-ericsson-9481,46 296 kr/m²,1 095 000 kr,+155 000 kr (+14 %),Lägenhet,Bostadsrätt,1 rum,27 m²,,,1929,1 744 kr/mån,,,,,,Brf Husaren 19
